-- MySQL dump 10.13  Distrib 8.0.20, for Linux (x86_64)
--
-- Host: localhost    Database: app
-- ------------------------------------------------------
-- Server version	8.0.20-0ubuntu0.20.04.1

/*!40101 SET @OLD_CHARACTER_SET_CLIENT=@@CHARACTER_SET_CLIENT */;
/*!40101 SET @OLD_CHARACTER_SET_RESULTS=@@CHARACTER_SET_RESULTS */;
/*!40101 SET @OLD_COLLATION_CONNECTION=@@COLLATION_CONNECTION */;
/*!50503 SET NAMES utf8mb4 */;
/*!40103 SET @OLD_TIME_ZONE=@@TIME_ZONE */;
/*!40103 SET TIME_ZONE='+00:00' */;
/*!40014 SET @OLD_UNIQUE_CHECKS=@@UNIQUE_CHECKS, UNIQUE_CHECKS=0 */;
/*!40014 SET @OLD_FOREIGN_KEY_CHECKS=@@FOREIGN_KEY_CHECKS, FOREIGN_KEY_CHECKS=0 */;
/*!40101 SET @OLD_SQL_MODE=@@SQL_MODE, SQL_MODE='NO_AUTO_VALUE_ON_ZERO' */;
/*!40111 SET @OLD_SQL_NOTES=@@SQL_NOTES, SQL_NOTES=0 */;

--
-- Table structure for table `admins`
--

DROP TABLE IF EXISTS `admins`;
/*!40101 SET @saved_cs_client     = @@character_set_client */;
/*!50503 SET character_set_client = utf8mb4 */;
CREATE TABLE `admins` (
  `AdminID` int NOT NULL AUTO_INCREMENT,
  `FirstName` varchar(50) NOT NULL,
  `LastName` varchar(50) NOT NULL,
  `JoinedWhen` datetime DEFAULT NULL,
  `UserID` int NOT NULL,
  PRIMARY KEY (`AdminID`),
  KEY `Admins_fk0` (`UserID`),
  CONSTRAINT `Admins_fk0` FOREIGN KEY (`UserID`) REFERENCES `users` (`UserID`)
) ENGINE=InnoDB AUTO_INCREMENT=4 DEFAULT CHARSET=utf8mb4 COLLATE=utf8mb4_0900_ai_ci;
/*!40101 SET character_set_client = @saved_cs_client */;

--
-- Dumping data for table `admins`
--

LOCK TABLES `admins` WRITE;
/*!40000 ALTER TABLE `admins` DISABLE KEYS */;
INSERT INTO `admins` VALUES (1,'Vite','Trevon','2004-02-23 14:02:12',498),(2,'Julissa','Scanlan','1998-10-27 10:15:51',499),(3,'Pernell','Pimblotte','1999-02-22 08:39:59',500);
/*!40000 ALTER TABLE `admins` ENABLE KEYS */;
UNLOCK TABLES;

--
-- Table structure for table `bills`
--

DROP TABLE IF EXISTS `bills`;
/*!40101 SET @saved_cs_client     = @@character_set_client */;
/*!50503 SET character_set_client = utf8mb4 */;
CREATE TABLE `bills` (
  `BillID` int NOT NULL AUTO_INCREMENT,
  `PlanID` int NOT NULL,
  `CustomerID` int NOT NULL,
  `SellerID` int NOT NULL,
  `isPaid` tinyint(1) NOT NULL,
  `MoneyToPay` int NOT NULL,
  PRIMARY KEY (`BillID`),
  KEY `Bills_fk0` (`PlanID`),
  KEY `Bills_fk1` (`CustomerID`),
  KEY `Bills_fk2` (`SellerID`),
  CONSTRAINT `Bills_fk0` FOREIGN KEY (`PlanID`) REFERENCES `plans` (`PlanID`),
  CONSTRAINT `Bills_fk1` FOREIGN KEY (`CustomerID`) REFERENCES `customers` (`CustomerID`),
  CONSTRAINT `Bills_fk2` FOREIGN KEY (`SellerID`) REFERENCES `sellers` (`SellerID`)
) ENGINE=InnoDB AUTO_INCREMENT=125 DEFAULT CHARSET=utf8mb4 COLLATE=utf8mb4_0900_ai_ci;
/*!40101 SET character_set_client = @saved_cs_client */;

--
-- Dumping data for table `bills`
--

LOCK TABLES `bills` WRITE;
/*!40000 ALTER TABLE `bills` DISABLE KEYS */;
INSERT INTO `bills` VALUES (1,1,381,6,1,8),(2,1,219,8,0,3),(3,4,16,5,0,10),(4,2,63,4,0,10),(5,1,279,10,0,14),(6,2,480,10,0,13),(7,3,368,1,0,6),(8,3,203,4,0,1),(9,4,388,1,0,13),(10,3,472,3,1,2),(11,1,137,7,1,5),(12,4,60,7,1,1),(13,2,53,7,1,0),(14,4,263,10,0,4),(15,2,373,5,0,11),(16,3,76,8,1,6),(17,1,369,7,1,7),(18,2,242,3,1,7),(19,1,362,9,1,10),(20,1,481,5,1,8),(21,3,310,2,0,13),(22,1,156,2,1,6),(23,2,327,2,0,7),(24,1,72,1,1,2),(25,4,258,2,0,1),(26,1,179,3,1,10),(27,4,280,1,0,11),(28,4,166,1,0,7),(29,3,373,8,1,1),(30,4,189,8,0,9),(31,3,260,9,0,7),(32,1,362,10,1,2),(33,3,443,8,0,14),(34,4,122,5,1,5),(35,3,367,3,0,13),(36,2,122,6,1,8),(37,3,412,4,1,9),(38,2,64,5,0,4),(39,2,418,1,1,5),(40,3,48,1,0,2),(41,3,358,1,0,14),(42,4,289,10,1,1),(43,4,378,2,0,10),(44,1,417,3,0,10),(45,1,116,6,1,7),(46,3,87,10,1,7),(47,3,102,7,0,4),(48,1,203,7,1,1),(49,4,461,2,1,2),(50,4,347,3,1,14),(51,1,63,8,1,11),(52,1,85,5,0,7),(53,1,100,8,0,8),(54,2,397,1,0,14),(55,3,195,1,1,14),(56,1,152,6,0,3),(57,3,386,10,1,11),(58,3,313,7,0,15),(59,1,257,1,1,2),(60,2,419,6,0,5),(61,2,459,2,1,11),(62,2,368,6,0,12),(63,3,413,4,1,0),(64,3,241,3,1,14),(65,1,384,3,0,14),(66,1,47,6,1,14),(67,2,435,5,1,4),(68,4,87,3,0,12),(69,2,253,10,1,4),(70,3,42,1,0,10),(71,1,192,9,0,7),(72,4,319,3,1,8),(73,2,114,5,1,15),(74,1,10,4,0,4),(75,4,467,1,1,10),(76,2,355,7,0,8),(77,2,261,7,1,1),(78,4,161,2,1,12),(79,1,218,6,0,5),(80,4,19,7,0,3),(81,2,445,1,0,9),(82,2,309,8,1,2),(83,3,347,5,1,13),(84,1,479,5,0,15),(85,1,400,2,0,9),(86,3,164,3,1,2),(87,1,329,7,0,2),(88,4,80,5,1,15),(89,1,112,3,0,8),(90,1,455,9,1,4),(91,1,221,3,1,6),(92,3,196,5,0,5),(93,3,327,10,1,3),(94,1,445,4,1,12),(95,4,12,9,0,12),(96,4,336,6,0,4),(97,2,484,2,1,1),(98,3,273,4,1,5),(99,4,459,3,1,7),(100,1,217,1,1,13),(109,1,490,1,0,5),(115,1,489,2,1,33),(116,1,489,2,1,22),(117,1,489,2,1,33),(118,1,489,2,1,33),(119,1,489,2,1,33),(120,1,489,2,1,33),(121,1,489,2,1,33),(122,1,489,2,1,33),(123,1,489,2,1,33),(124,1,489,2,1,33);
/*!40000 ALTER TABLE `bills` ENABLE KEYS */;
UNLOCK TABLES;

--
-- Table structure for table `callsmade`
--

DROP TABLE IF EXISTS `callsmade`;
/*!40101 SET @saved_cs_client     = @@character_set_client */;
/*!50503 SET character_set_client = utf8mb4 */;
CREATE TABLE `callsmade` (
  `CallID` int NOT NULL AUTO_INCREMENT,
  `CustomerID` int NOT NULL,
  `Duration` int DEFAULT NULL,
  `CallerNumber` varchar(20) DEFAULT NULL,
  `CalleeNumber` varchar(20) DEFAULT NULL,
  `CallMadeWhen` datetime DEFAULT NULL,
  PRIMARY KEY (`CallID`),
  KEY `CallsMade_fk0` (`CustomerID`),
  CONSTRAINT `CallsMade_fk0` FOREIGN KEY (`CustomerID`) REFERENCES `customers` (`CustomerID`)
) ENGINE=InnoDB AUTO_INCREMENT=256 DEFAULT CHARSET=utf8mb4 COLLATE=utf8mb4_0900_ai_ci;
/*!40101 SET character_set_client = @saved_cs_client */;

--
-- Dumping data for table `callsmade`
--

LOCK TABLES `callsmade` WRITE;
/*!40000 ALTER TABLE `callsmade` DISABLE KEYS */;
INSERT INTO `callsmade` VALUES (1,118,15,'+1 412 182 4076','+51 979 336 1483','2019-09-24 08:31:45'),(2,48,18,'+84 213 560 2995','+7 695 387 7955','2019-07-26 15:15:41'),(3,275,12,'+86 493 277 6914','+52 302 855 1777','2020-02-02 14:29:50'),(4,53,8,'+504 947 353 5288','+7 459 511 9745','2020-05-19 00:50:51'),(5,474,0,'+62 808 238 8881','+86 693 449 7694','2020-01-27 06:23:46'),(6,476,16,'+62 765 594 9808','+86 693 813 4441','2019-10-29 22:53:59'),(7,484,8,'+62 765 684 9980','+351 823 872 0502','2020-03-14 08:47:37'),(8,108,0,'+54 489 681 8143','+86 142 232 1080','2019-09-29 23:14:36'),(9,467,15,'+33 537 992 6574','+86 757 560 6250','2020-03-30 22:00:59'),(10,201,13,'+86 380 189 9914','+86 835 936 6735','2019-09-21 13:43:30'),(11,65,2,'+994 512 762 3025','+46 682 673 7704','2020-04-26 09:45:00'),(12,357,4,'+351 532 641 0081','+86 912 288 2823','2019-07-08 16:47:47'),(13,486,23,'+1 903 851 0997','+81 293 552 0068','2020-05-02 07:52:53'),(14,377,5,'+7 882 462 5620','+356 160 781 3200','2020-05-19 17:57:06'),(15,323,19,'+86 944 364 7582','+62 196 999 9336','2019-09-13 02:17:25'),(16,42,23,'+48 235 277 2404','+33 171 481 0377','2019-06-15 22:11:46'),(17,222,13,'+86 414 269 0742','+33 926 767 4153','2019-10-11 16:14:55'),(18,169,5,'+63 521 438 9506','+86 576 194 0124','2020-05-13 03:01:14'),(19,356,23,'+62 513 133 0809','+54 811 157 7434','2020-04-20 21:40:19'),(20,184,3,'+33 777 988 6027','+63 724 867 1829','2020-01-11 05:35:17'),(21,478,15,'+355 860 985 3323','+86 625 186 6136','2020-06-09 03:43:35'),(22,185,6,'+970 676 214 3541','+33 163 221 2084','2020-05-01 16:00:11'),(23,229,9,'+356 374 144 5252','+351 840 670 0635','2019-09-21 19:55:05'),(24,250,5,'+62 670 982 3668','+86 824 311 8643','2019-09-09 18:32:26'),(25,102,17,'+81 858 421 5143','+33 881 215 4310','2020-02-01 03:39:56'),(26,179,19,'+62 904 739 0528','+1 913 225 7822','2019-11-11 07:51:43'),(27,39,15,'+1 921 403 7309','+98 945 913 2844','2019-08-05 07:51:53'),(28,246,16,'+1 680 973 9549','+48 349 388 0854','2019-09-01 19:03:13'),(29,368,20,'+86 371 993 8969','+1 713 477 7163','2019-12-27 13:51:53'),(30,243,0,'+86 955 333 9108','+46 303 933 2769','2019-08-14 09:18:24'),(31,417,12,'+63 754 714 9323','+86 138 169 9278','2020-06-02 12:01:40'),(32,410,10,'+86 206 597 4636','+593 307 980 0251','2019-11-07 22:16:33'),(33,266,10,'+61 681 318 7836','+86 154 653 8641','2019-06-15 01:32:46'),(34,81,10,'+57 265 345 4532','+358 611 139 8953','2020-03-25 10:56:22'),(35,191,20,'+86 867 418 6980','+249 383 455 7544','2019-07-18 05:08:47'),(36,189,15,'+7 448 441 2095','+351 249 659 7447','2019-06-24 05:34:57'),(37,376,20,'+34 138 708 7366','+86 511 338 7428','2019-10-09 13:24:50'),(38,455,18,'+7 285 605 2604','+27 913 431 2626','2020-06-02 22:45:16'),(39,107,2,'+62 718 669 8186','+1 615 664 4052','2020-04-28 22:49:47'),(40,301,19,'+48 415 191 4185','+976 693 145 6803','2019-11-16 03:44:12'),(41,327,18,'+33 823 584 5031','+31 135 893 1115','2019-12-05 12:49:17'),(42,28,21,'+55 396 863 4258','+86 310 557 7881','2019-10-07 21:14:51'),(43,415,18,'+373 796 309 9533','+351 927 590 8082','2020-03-22 18:45:58'),(44,339,22,'+48 936 351 2953','+57 473 775 0673','2019-08-04 08:52:51'),(45,207,19,'+33 426 269 2521','+62 338 367 8110','2019-12-22 18:37:42'),(46,149,20,'+502 113 461 9178','+1 624 710 6977','2020-04-04 12:09:39'),(47,64,6,'+62 208 101 7495','+385 588 429 4549','2019-06-12 18:42:54'),(48,470,13,'+267 981 116 4991','+7 612 755 5455','2019-09-17 19:51:50'),(49,155,23,'+353 825 120 0149','+63 585 662 8693','2019-10-09 14:40:03'),(50,130,9,'+501 695 141 0876','+994 914 238 9821','2020-04-08 08:37:42'),(51,397,13,'+86 504 814 1104','+84 758 817 9725','2019-10-30 21:52:27'),(52,432,7,'+1 910 301 0979','+62 525 516 9893','2020-04-15 08:14:29'),(53,102,13,'+1 405 440 2694','+373 603 507 2913','2019-12-04 16:04:43'),(54,458,20,'+86 730 877 7250','+33 477 204 4397','2019-11-25 19:55:12'),(55,106,10,'+86 890 607 1792','+420 688 380 1111','2019-06-18 18:52:04'),(56,193,10,'+30 486 191 1010','+62 951 447 0362','2020-03-30 11:04:03'),(57,484,1,'+93 282 197 8884','+53 105 307 2383','2019-11-22 04:04:03'),(58,459,1,'+58 839 742 1898','+86 770 223 6112','2019-07-22 13:27:47'),(59,211,11,'+86 301 772 0949','+63 717 327 5149','2020-03-28 11:06:49'),(60,220,6,'+234 635 488 0950','+63 673 616 8312','2020-02-10 14:32:05'),(61,429,9,'+7 203 816 8679','+55 409 812 0602','2019-11-01 22:41:15'),(62,187,6,'+86 442 928 1264','+84 919 386 1672','2020-05-28 04:10:13'),(63,130,18,'+86 948 497 7387','+54 983 178 0853','2019-11-11 22:10:19'),(64,30,22,'+502 763 645 5947','+223 768 712 6833','2020-02-08 15:42:49'),(65,198,20,'+504 833 411 5084','+63 174 120 4869','2019-11-08 22:52:45'),(66,318,10,'+63 900 477 1929','+95 179 381 8752','2019-08-21 01:33:12'),(67,186,12,'+240 435 423 0397','+358 832 987 4902','2020-01-12 05:54:52'),(68,245,2,'+7 688 125 7703','+86 259 711 2014','2020-03-11 15:27:36'),(69,192,11,'+503 545 440 9623','+51 603 122 0532','2020-01-22 08:07:01'),(70,420,17,'+57 556 909 5518','+84 973 427 5606','2020-06-02 06:18:19'),(71,252,0,'+86 879 139 2962','+27 738 521 2274','2019-12-30 18:10:37'),(72,239,3,'+1 895 440 4768','+54 367 792 2399','2019-11-23 17:36:18'),(73,292,9,'+57 132 994 4298','+46 143 134 2285','2020-05-03 12:10:04'),(74,272,4,'+33 195 945 1145','+30 804 593 1946','2019-07-31 06:14:05'),(75,484,6,'+1 234 653 4169','+86 404 151 8249','2019-06-26 00:49:48'),(76,42,6,'+86 582 261 3259','+33 270 460 2066','2020-03-16 22:31:17'),(77,132,4,'+86 441 751 1216','+48 414 773 1400','2019-12-08 02:28:26'),(78,148,8,'+86 863 260 9616','+351 694 653 7589','2020-02-26 09:29:48'),(79,73,5,'+86 269 104 4666','+63 284 239 7997','2019-10-08 03:07:54'),(80,37,6,'+33 909 350 7927','+82 604 175 8653','2019-07-21 09:48:09'),(81,253,20,'+62 794 355 1519','+386 619 957 1832','2019-06-26 14:58:31'),(82,154,5,'+86 969 707 1820','+81 433 220 3569','2020-02-04 19:40:02'),(83,333,12,'+380 874 884 1302','+62 827 469 8978','2020-03-10 15:24:30'),(84,88,1,'+63 807 129 0510','+86 150 669 2886','2020-05-04 14:57:53'),(85,245,18,'+351 757 109 7906','+7 504 924 7008','2020-04-22 21:26:11'),(86,365,6,'+63 805 398 5172','+86 110 572 9325','2019-12-25 19:27:19'),(87,184,11,'+63 939 963 0895','+62 418 346 2717','2019-10-28 20:46:47'),(88,197,5,'+375 883 653 1018','+86 857 164 0883','2019-07-31 22:54:29'),(89,314,17,'+55 268 329 4100','+92 636 371 6766','2019-11-03 11:39:30'),(90,186,13,'+48 180 945 9407','+62 220 866 6604','2020-03-31 03:14:05'),(91,322,4,'+55 649 885 3319','+86 833 374 5000','2019-10-13 17:32:54'),(92,314,13,'+62 257 175 8605','+503 980 594 8725','2019-09-30 11:42:13'),(93,1,13,'+63 267 676 4217','+1 865 195 9266','2020-04-13 01:39:39'),(94,367,1,'+55 288 575 1808','+504 895 337 4199','2019-10-20 12:46:44'),(95,136,23,'+84 137 179 0170','+216 303 359 8627','2020-01-25 17:08:19'),(96,158,21,'+48 463 909 5200','+63 275 855 3032','2019-11-17 15:15:52'),(97,56,2,'+55 809 763 0894','+86 159 730 2131','2020-02-15 02:05:35'),(98,427,2,'+86 902 896 7770','+63 184 146 0061','2019-10-18 18:12:07'),(99,303,11,'+93 952 175 3226','+216 531 594 8061','2019-11-06 03:10:10'),(100,34,12,'+46 654 173 3233','+963 378 175 9284','2019-07-27 14:13:43'),(101,106,7,'+420 305 720 4581','+57 333 808 4226','2020-01-27 07:23:02'),(102,423,18,'+63 180 992 0510','+62 640 562 0036','2020-02-25 13:35:42'),(103,82,21,'+7 792 476 5883','+998 434 483 7951','2019-06-12 08:35:52'),(104,330,12,'+212 351 519 6589','+351 188 494 7899','2019-10-29 22:42:34'),(105,124,22,'+7 137 499 0711','+355 897 680 8310','2019-07-04 01:37:50'),(106,278,16,'+242 920 873 4676','+30 968 312 7934','2020-04-18 01:42:12'),(107,114,10,'+81 349 508 7796','+84 509 480 8289','2019-12-24 05:40:05'),(108,375,3,'+66 596 871 1018','+351 959 378 1240','2020-04-23 00:51:31'),(109,382,15,'+63 279 552 8527','+351 424 741 3241','2019-11-05 13:27:46'),(110,357,14,'+46 916 257 4907','+57 972 333 5561','2020-05-20 12:51:30'),(111,385,6,'+7 390 747 0514','+86 860 312 5770','2019-08-13 20:28:37'),(112,377,20,'+62 963 401 0943','+374 555 959 1541','2019-11-14 08:36:49'),(113,351,12,'+53 510 183 3755','+86 317 449 3275','2019-10-01 10:36:19'),(114,238,17,'+86 254 656 1449','+86 203 747 9492','2020-02-16 18:27:34'),(115,174,20,'+375 351 109 3527','+86 124 553 5763','2020-05-15 23:40:01'),(116,345,6,'+7 129 106 3339','+63 523 170 0846','2020-02-28 13:45:35'),(117,214,16,'+86 192 912 3354','+234 479 857 3773','2020-04-10 14:10:23'),(118,348,18,'+221 712 858 9591','+86 238 935 8536','2019-08-05 07:48:46'),(119,6,9,'+1 903 703 4827','+47 252 466 8272','2020-03-23 04:20:23'),(120,171,14,'+62 657 861 2966','+998 510 966 5316','2019-12-18 16:03:47'),(121,355,13,'+351 853 143 1018','+216 476 519 9878','2019-10-28 19:50:44'),(122,228,13,'+62 236 665 5451','+86 484 408 0540','2019-09-24 01:01:29'),(123,322,22,'+351 166 982 2527','+82 646 861 0909','2020-02-06 01:24:29'),(124,440,13,'+269 124 485 4133','+996 212 813 9614','2020-02-23 12:29:29'),(125,340,13,'+251 733 182 5281','+86 807 145 6723','2019-06-14 10:32:43'),(126,473,2,'+57 501 497 5722','+55 434 162 1149','2020-03-19 15:30:01'),(127,446,3,'+7 483 349 3226','+359 617 374 8934','2020-06-05 14:50:09'),(128,444,8,'+62 706 649 0497','+1 507 453 9221','2019-10-15 21:35:34'),(129,396,16,'+46 199 461 2904','+62 675 334 1220','2020-05-22 15:06:02'),(130,161,2,'+86 389 781 2608','+86 866 313 6672','2019-10-12 16:22:10'),(131,418,19,'+86 496 991 2771','+86 285 439 4126','2019-08-06 08:03:09'),(132,469,18,'+964 263 211 3363','+86 841 268 2945','2019-09-03 12:02:29'),(133,224,13,'+389 540 557 7883','+63 931 109 9118','2019-07-09 09:49:02'),(134,270,9,'+49 354 468 8034','+1 732 799 5174','2019-06-13 16:43:58'),(135,287,9,'+86 829 309 2812','+62 138 383 5787','2019-06-14 14:10:00'),(136,127,15,'+86 969 682 6856','+86 701 432 9514','2019-07-23 07:49:16'),(137,385,3,'+7 369 939 8889','+66 140 225 3483','2020-02-02 23:49:59'),(138,201,18,'+86 152 405 8034','+62 409 491 2060','2019-12-19 20:46:01'),(139,63,20,'+33 484 795 2607','+66 973 571 3253','2020-03-11 21:27:56'),(140,367,20,'+86 674 442 3697','+260 247 103 6977','2019-12-13 12:08:25'),(141,317,7,'+86 341 896 1310','+86 602 234 1475','2019-06-23 03:58:14'),(142,393,12,'+62 431 752 1610','+62 881 600 0955','2019-09-15 13:59:18'),(143,257,6,'+63 598 199 2403','+63 760 455 2900','2020-01-15 11:05:18'),(144,255,0,'+56 186 250 1686','+380 192 557 4942','2020-04-15 20:21:25'),(145,38,9,'+52 328 933 5252','+234 132 753 3852','2019-06-26 11:19:19'),(146,64,11,'+225 904 436 6167','+48 748 405 8569','2020-04-26 16:59:13'),(147,319,17,'+355 725 413 3406','+385 344 732 3478','2020-05-21 10:22:27'),(148,469,18,'+33 953 893 5588','+45 439 194 1801','2019-09-22 12:15:00'),(149,412,20,'+63 542 433 5380','+27 936 481 7775','2019-08-08 18:07:41'),(150,252,10,'+7 512 760 8038','+224 494 900 5684','2020-03-02 09:28:49'),(151,122,19,'+62 754 289 8670','+351 920 417 3058','2019-08-07 08:15:29'),(152,258,21,'+62 810 363 1544','+260 213 557 8319','2019-06-17 18:30:12'),(153,79,2,'+63 340 124 2023','+386 530 588 2736','2020-04-19 01:37:10'),(154,185,16,'+20 423 355 2818','+55 402 126 1052','2019-09-06 11:33:22'),(155,175,11,'+880 238 155 5457','+57 833 646 1715','2020-03-04 07:39:12'),(156,332,5,'+7 261 896 3104','+33 170 601 9814','2019-09-20 18:09:16'),(157,70,0,'+234 981 921 7346','+86 106 266 8188','2019-08-10 12:29:13'),(158,160,11,'+86 707 460 4100','+86 239 643 9406','2020-06-02 23:27:02'),(159,399,16,'+237 642 695 5167','+55 202 684 0790','2019-10-06 01:27:55'),(160,328,12,'+86 339 954 6169','+380 946 336 1101','2020-04-21 19:06:30'),(161,222,22,'+60 805 592 6921','+358 941 433 6072','2020-04-07 17:48:34'),(162,190,10,'+389 230 521 8226','+261 822 156 4093','2020-04-14 09:54:47'),(163,326,10,'+86 296 545 6842','+351 309 663 3952','2020-01-06 03:45:07'),(164,228,5,'+81 942 925 9534','+351 453 937 7312','2019-09-11 17:49:44'),(165,16,4,'+353 610 495 6526','+86 722 522 6464','2019-11-01 11:43:09'),(166,192,17,'+57 157 791 5788','+977 597 115 3622','2020-05-27 18:44:52'),(167,162,2,'+63 986 877 7400','+66 989 729 7578','2020-04-25 00:29:35'),(168,5,21,'+86 347 687 8796','+33 787 128 4993','2020-05-30 22:01:19'),(169,455,2,'+55 740 321 2839','+375 666 713 4942','2019-07-16 08:39:14'),(170,147,21,'+86 782 540 4238','+46 275 649 3142','2019-09-15 12:00:44'),(171,414,6,'+63 308 183 5764','+244 688 188 6159','2019-12-06 20:00:09'),(172,329,2,'+47 365 639 0081','+63 767 143 7378','2019-12-17 12:41:24'),(173,75,2,'+86 563 540 9199','+353 100 191 6158','2019-12-14 05:10:02'),(174,239,4,'+675 470 574 3390','+86 838 269 4367','2019-06-16 13:54:44'),(175,190,5,'+351 427 129 4289','+86 773 859 1177','2019-08-17 23:58:42'),(176,59,15,'+55 983 363 4111','+92 792 568 1750','2020-03-07 16:02:24'),(177,398,10,'+31 822 211 4660','+62 863 244 9186','2019-09-14 19:46:45'),(178,334,7,'+62 323 548 1464','+47 485 189 0899','2019-12-25 20:52:06'),(179,345,9,'+57 128 690 8264','+54 506 712 8583','2019-10-24 15:18:36'),(180,147,14,'+62 363 510 3675','+385 783 886 4501','2020-01-04 05:10:14'),(181,72,21,'+86 231 607 3413','+62 910 655 1300','2020-05-13 23:19:44'),(182,66,2,'+86 553 708 8937','+52 657 118 9780','2020-05-07 09:55:48'),(183,418,2,'+370 989 384 1205','+55 978 815 9132','2019-08-15 16:18:46'),(184,205,8,'+420 467 241 3744','+504 496 315 0068','2020-06-07 22:43:02'),(185,383,15,'+971 139 857 3991','+86 803 492 4454','2019-08-01 00:09:07'),(186,411,22,'+967 455 333 5613','+33 462 139 0756','2020-05-01 14:53:55'),(187,185,4,'+48 157 570 9732','+51 169 565 3018','2020-03-05 15:37:34'),(188,45,17,'+57 998 744 4392','+62 460 526 6759','2020-04-11 00:09:57'),(189,409,19,'+63 652 752 4476','+7 357 996 6947','2019-08-12 09:58:53'),(190,351,22,'+63 750 536 7908','+86 816 668 6290','2019-07-15 12:48:21'),(191,302,6,'+33 583 824 2816','+46 541 274 3126','2020-04-07 06:17:55'),(192,44,5,'+86 235 754 9359','+46 732 247 9304','2020-02-04 07:22:06'),(193,84,22,'+86 635 636 0773','+63 283 129 6950','2019-09-24 22:59:41'),(194,74,18,'+55 214 481 6900','+34 482 681 9681','2019-11-08 07:13:01'),(195,451,5,'+33 183 801 4384','+353 124 938 3551','2019-12-24 01:29:54'),(196,462,3,'+98 928 264 1130','+55 216 232 2198','2020-03-14 17:30:45'),(197,20,7,'+86 388 289 7110','+86 387 515 3184','2020-02-04 18:59:36'),(198,370,23,'+46 170 509 6931','+30 731 639 3338','2019-11-26 03:10:21'),(199,329,5,'+52 813 850 5229','+7 898 101 8805','2019-07-31 22:09:54'),(200,210,4,'+62 761 270 4416','+66 798 432 1388','2019-07-12 22:53:43'),(201,377,5,'+33 802 434 0391','+351 169 237 4258','2020-06-07 16:12:25'),(202,409,5,'+86 207 400 7922','+86 999 642 4333','2019-11-03 08:21:48'),(203,459,13,'+46 190 530 4437','+358 835 211 0838','2020-02-27 07:00:32'),(204,49,19,'+86 182 132 3876','+62 648 315 6186','2019-08-07 16:41:30'),(205,275,23,'+420 292 104 7559','+52 950 785 1364','2020-05-01 02:42:10'),(206,307,9,'+62 690 246 6564','+86 206 996 4842','2019-10-10 22:08:54'),(207,459,23,'+86 273 280 8813','+47 262 540 9010','2020-01-18 09:46:53'),(208,413,14,'+62 955 585 7978','+358 658 989 0693','2019-10-08 15:08:31'),(209,117,0,'+7 330 218 1894','+7 303 604 2464','2019-10-28 18:41:05'),(210,350,7,'+55 494 154 0431','+255 237 192 3323','2020-04-26 23:39:14'),(211,419,18,'+63 734 945 3140','+62 383 576 7548','2019-12-17 10:51:45'),(212,282,10,'+63 949 314 2709','+351 784 833 1755','2019-11-14 08:26:20'),(213,413,5,'+66 732 121 7561','+86 869 527 3578','2019-12-11 03:22:59'),(214,86,1,'+48 711 194 4902','+62 934 620 7370','2019-11-28 02:09:57'),(215,448,14,'+855 354 319 2537','+30 429 291 9131','2019-11-11 02:50:39'),(216,102,4,'+55 696 933 1873','+420 254 531 5268','2019-07-18 00:09:52'),(217,297,21,'+63 732 562 6944','+380 565 240 4036','2019-12-25 21:35:33'),(218,429,22,'+46 240 155 3092','+86 861 440 3042','2020-03-14 13:23:25'),(219,220,9,'+48 506 112 5211','+81 471 756 7220','2019-09-17 21:30:09'),(220,464,9,'+358 807 983 6794','+48 429 586 6818','2020-05-27 21:33:51'),(221,94,20,'+62 164 942 4150','+86 621 456 6080','2019-09-14 08:50:20'),(222,380,5,'+54 876 628 7542','+86 134 521 1363','2019-10-10 17:55:29'),(223,77,2,'+86 435 708 7195','+53 852 601 8425','2019-07-29 21:20:17'),(224,422,17,'+57 487 151 5983','+973 320 714 4744','2019-12-12 23:50:07'),(225,236,6,'+970 926 713 4409','+20 976 536 4776','2019-10-18 06:20:55'),(226,120,8,'+62 333 550 5882','+212 577 412 3794','2019-06-11 21:24:31'),(227,177,7,'+234 133 932 0828','+7 642 348 9345','2019-10-07 00:13:38'),(228,75,8,'+234 540 387 8427','+234 111 113 1909','2020-03-28 04:16:31'),(229,413,5,'+7 370 749 7532','+220 895 249 7238','2019-09-09 08:03:57'),(230,292,22,'+52 815 347 4714','+7 772 261 4484','2020-01-17 01:24:59'),(231,75,4,'+33 397 608 3493','+7 822 441 1700','2020-02-01 07:44:30'),(232,367,2,'+64 993 300 2579','+385 203 910 4783','2020-02-22 14:22:29'),(233,286,20,'+27 761 872 6661','+351 449 108 2011','2020-02-25 18:46:14'),(234,132,22,'+86 797 707 7612','+86 338 866 9300','2019-06-17 15:41:54'),(235,309,19,'+7 851 103 6592','+86 298 983 5688','2020-02-28 21:12:03'),(236,335,12,'+30 908 935 9435','+62 387 837 1552','2019-07-14 18:44:47'),(237,265,3,'+62 121 989 8049','+62 842 246 8170','2019-10-24 10:13:32'),(238,184,18,'+976 428 555 1669','+86 852 104 7373','2019-12-25 22:46:08'),(239,129,10,'+62 197 905 6262','+1 816 884 0902','2020-01-12 21:40:09'),(240,304,16,'+502 154 562 3361','+359 729 273 9461','2019-12-05 15:29:49'),(241,221,20,'+55 207 183 8726','+62 180 672 2987','2019-06-18 10:45:50'),(242,336,5,'+374 703 997 8041','+267 333 640 5168','2020-03-29 14:25:35'),(243,397,17,'+62 311 642 3259','+7 119 678 9155','2019-12-12 16:13:40'),(244,301,5,'+86 402 227 9567','+36 240 803 4104','2020-01-05 18:40:58'),(245,356,8,'+86 126 726 1059','+86 726 507 8279','2020-03-22 00:49:28'),(246,101,5,'+33 877 333 8117','+994 977 367 3362','2019-09-08 15:29:44'),(247,413,1,'+1 501 409 4931','+63 616 493 4751','2020-04-21 00:49:30'),(248,366,13,'+54 798 533 0794','+86 891 194 7198','2019-07-17 03:54:25'),(249,462,20,'+51 375 385 0221','+370 100 743 6928','2019-10-13 18:35:00'),(250,123,20,'+420 741 628 9272','+48 710 812 2547','2020-02-02 22:10:27'),(252,490,5,'dasasd','wqeweqqwe',NULL),(253,490,22,'dasasdww','wqeweqqwess',NULL),(254,489,22,'dasasdww','wqeweqqwess',NULL),(255,489,11,'ssdasasdww','wqeweqqw',NULL);
/*!40000 ALTER TABLE `callsmade` ENABLE KEYS */;
UNLOCK TABLES;

--
-- Table structure for table `customers`
--

DROP TABLE IF EXISTS `customers`;
/*!40101 SET @saved_cs_client     = @@character_set_client */;
/*!50503 SET character_set_client = utf8mb4 */;
CREATE TABLE `customers` (
  `CustomerID` int NOT NULL AUTO_INCREMENT,
  `FirstName` varchar(50) NOT NULL,
  `LastName` varchar(50) NOT NULL,
  `AFM` int NOT NULL,
  `JoinedWhen` datetime DEFAULT NULL,
  `UserID` int NOT NULL,
  PRIMARY KEY (`CustomerID`),
  KEY `Customers_fk0` (`UserID`),
  CONSTRAINT `Customers_fk0` FOREIGN KEY (`UserID`) REFERENCES `users` (`UserID`)
) ENGINE=InnoDB AUTO_INCREMENT=500 DEFAULT CHARSET=utf8mb4 COLLATE=utf8mb4_0900_ai_ci;
/*!40101 SET character_set_client = @saved_cs_client */;

--
-- Dumping data for table `customers`
--

LOCK TABLES `customers` WRITE;
/*!40000 ALTER TABLE `customers` DISABLE KEYS */;
INSERT INTO `customers` VALUES (1,'Cullin','Tyrone',949795955,'2020-03-07 15:11:46',258),(2,'Magnum','Gaines',217473761,'2020-06-02 17:28:25',330),(3,'Godart','Davson',169180969,'2019-06-19 03:10:22',430),(4,'Jourdain','Clevely',106575429,'2020-03-14 17:05:33',16),(5,'Loreen','McGrady',885430658,'2019-09-13 00:34:47',6),(6,'Creighton','Corragan',202332712,'2019-10-11 20:46:09',355),(7,'Eldredge','Mouland',501943486,'2020-02-26 19:22:23',308),(8,'Hillyer','Tuite',149280298,'2019-09-24 10:19:20',120),(9,'Colene','Gotling',233208430,'2020-03-19 04:43:28',109),(10,'Daffi','Feld',765226586,'2020-03-01 12:37:59',459),(11,'Vannie','Moresby',378838640,'2019-07-05 05:41:05',218),(12,'Brook','Derell',293954842,'2019-09-13 17:56:13',76),(13,'Kalli','Hilbourne',839405870,'2020-02-14 12:05:31',309),(14,'Piggy','Week',930866391,'2019-06-07 00:58:21',417),(15,'Dion','Gunner',980955629,'2019-06-11 03:19:58',158),(16,'Hyatt','von Grollmann',624245591,'2019-07-27 14:46:17',357),(17,'Marabel','Laetham',311187975,'2020-03-27 19:18:22',381),(18,'Federica','McManamon',241944752,'2019-09-30 08:52:49',37),(19,'Cory','Siggers',819724102,'2020-05-11 13:15:41',445),(20,'Thekla','Broomhall',292452684,'2019-11-30 23:42:23',251),(21,'Carson','Fairham',733665443,'2019-06-22 21:06:59',452),(22,'Langston','Longmaid',123009817,'2019-06-13 12:33:14',200),(23,'Opal','Benesevich',691395001,'2019-07-21 20:16:34',425),(24,'Maurita','Liggens',142021332,'2019-06-29 06:21:15',263),(25,'Brady','Verriour',315519732,'2020-04-02 03:26:07',450),(26,'Danit','Chansonne',514731173,'2019-12-16 21:24:01',371),(27,'Davida','Blackeby',249672246,'2020-03-09 14:19:44',373),(28,'Caitrin','Gladtbach',666108317,'2020-03-16 03:03:56',436),(29,'Tuckie','Brimacombe',281362265,'2020-02-13 06:03:12',40),(30,'Stacy','Ballin',841899532,'2019-08-15 23:07:19',271),(31,'Brian','Doram',745997153,'2020-03-11 01:19:01',100),(32,'Sergeant','Castiglione',627757458,'2019-09-14 01:45:31',12),(33,'Margalo','Pieterick',720931497,'2020-01-05 11:01:15',392),(34,'Nickie','Gristhwaite',526603220,'2020-04-07 13:00:01',444),(35,'Jaymie','Keningham',157173693,'2019-08-07 06:19:26',376),(36,'Dolf','O\' Ronan',281194752,'2020-01-14 02:25:42',174),(37,'Kathi','Kolodziejski',929673297,'2020-05-05 03:42:40',385),(38,'Alaster','Hulburd',353780491,'2020-01-05 19:30:25',170),(39,'Vladamir','Breinlein',209447178,'2019-08-05 08:20:13',377),(40,'Anabal','Goldine',171998923,'2020-05-31 12:52:21',426),(41,'Teodora','Forsaith',321333732,'2020-01-29 06:59:01',349),(42,'Mariel','Fosdyke',590398912,'2020-02-26 17:49:57',181),(43,'Jude','Flohard',225827477,'2020-01-22 22:03:06',91),(44,'Leone','Lunn',302977026,'2020-03-15 16:08:16',119),(45,'Maddi','Bartomieu',645389260,'2020-03-27 20:44:34',377),(46,'Dael','Maudlen',923414744,'2019-07-31 18:29:54',48),(47,'Sayer','Trower',121896749,'2020-01-07 05:32:45',27),(48,'Moses','Carnegie',116481188,'2020-04-14 01:50:38',40),(49,'Sunny','Bruty',363496848,'2020-01-09 21:06:22',21),(50,'Brande','Lowdyane',788782921,'2019-07-13 12:40:06',468),(51,'Mendel','Ancliff',612737964,'2020-05-14 22:52:10',319),(52,'Nerissa','McInnes',840008796,'2020-05-10 17:10:38',111),(53,'Stanislas','De Souza',113413880,'2019-10-18 13:01:44',368),(54,'Natka','McSweeney',995418035,'2019-06-04 04:24:29',151),(55,'Norton','Dayley',492558597,'2020-05-15 05:00:27',125),(56,'Lida','Jachimak',981206493,'2019-08-27 00:20:11',189),(57,'Shelby','Berthod',515533628,'2019-09-01 09:23:22',217),(58,'Otes','Evitt',338732074,'2020-05-02 13:48:26',426),(59,'Nye','Clair',340608565,'2019-10-05 06:10:48',324),(60,'Alissa','Kedge',303274360,'2020-05-26 16:00:03',364),(61,'Ollie','Scorrer',355473402,'2020-05-03 16:12:42',294),(62,'Almeta','Gautrey',124418945,'2020-03-13 11:17:46',402),(63,'Dani','Wilmot',530855784,'2020-02-22 07:41:41',385),(64,'Ingaberg','Sommerville',229264713,'2019-06-14 10:42:08',182),(65,'Wilone','Mellanby',570761150,'2020-04-30 17:36:19',45),(66,'Ivonne','Brumfield',302325404,'2020-06-01 06:21:15',52),(67,'Gordan','Hitschke',395100381,'2020-03-10 22:48:08',397),(68,'Mohandis','Hayselden',688357244,'2019-12-14 13:26:11',399),(69,'Tanner','Antoons',742840211,'2019-11-18 07:37:11',24),(70,'Shep','Field',379858424,'2020-01-15 08:45:52',19),(71,'Stephi','Aujouanet',864271110,'2020-06-01 08:42:14',144),(72,'Karlene','Dixcee',282833129,'2020-05-02 12:53:52',120),(73,'Leo','Tschierse',356714816,'2019-06-28 05:51:39',325),(74,'Jimmie','Bartalucci',934829567,'2020-04-04 08:20:50',116),(75,'Mason','Oty',176955866,'2019-07-21 09:36:40',43),(76,'Angelika','Breens',720877415,'2019-09-29 02:37:35',255),(77,'Catarina','Weald',693441058,'2020-01-27 16:00:49',104),(78,'Dasi','Harrington',970733345,'2019-11-07 15:41:31',95),(79,'Gawain','Aireton',938969103,'2019-12-24 03:28:48',434),(80,'Krystyna','Morin',265599742,'2019-08-31 08:47:30',128),(81,'Bee','Sobczak',754927327,'2019-10-20 20:47:04',222),(82,'Hannie','Eldrid',175758719,'2019-08-11 18:19:38',383),(83,'Bron','Tumility',311244262,'2020-04-29 08:33:45',353),(84,'Gregg','Ioan',801399031,'2019-09-06 07:19:13',12),(85,'Alta','Hedman',988569769,'2020-02-05 09:30:27',393),(86,'Perkin','Yakutin',258357222,'2020-01-31 19:14:21',95),(87,'Roxanne','Jauncey',435889731,'2020-04-09 15:31:30',175),(88,'Dacey','McInnerny',904607236,'2020-02-11 17:16:20',44),(89,'Geralda','Showen',382217449,'2020-03-13 18:29:28',211),(90,'Merrily','Brimm',511829367,'2019-12-07 05:22:03',381),(91,'Harmonia','Hubball',283239167,'2019-06-27 20:02:34',339),(92,'Clyde','Biddleston',105040118,'2019-11-08 17:39:50',212),(93,'Mireille','Wanklyn',321139792,'2019-08-14 23:06:46',398),(94,'Lindsy','McCooke',221240848,'2020-04-26 18:33:36',95),(95,'Skyler','Exell',874233061,'2019-09-06 17:04:34',432),(96,'Fionna','Cohrs',458976722,'2019-09-30 05:13:08',317),(97,'Cyril','Filasov',149424870,'2020-05-19 14:31:09',206),(98,'Cathrin','Micah',640548212,'2020-01-27 09:25:20',170),(99,'Amalea','Orr',566195526,'2020-05-16 17:19:41',200),(100,'Luce','Grayley',976158606,'2019-06-24 14:11:20',166),(101,'Kayley','LAbbet',234098690,'2020-01-09 12:55:52',111),(102,'Zabrina','Ringer',633177229,'2019-11-01 08:34:38',277),(103,'Sargent','Jentin',306994403,'2019-12-12 11:44:53',274),(104,'Gwennie','Addicott',765554605,'2019-10-14 12:16:01',9),(105,'Chrysler','Pochet',952015073,'2020-02-19 01:33:05',162),(106,'Pooh','Aleswell',606969412,'2019-07-15 06:50:03',426),(107,'Darnall','Cranke',178071858,'2019-12-23 12:32:45',453),(108,'Aube','Culshew',325914065,'2019-07-05 04:01:19',433),(109,'Verena','Richen',568638136,'2019-12-22 05:27:42',86),(110,'Manya','Wadley',936925424,'2019-11-22 11:12:23',377),(111,'Ivett','Ryall',758375851,'2020-02-15 15:48:31',383),(112,'Ninette','Roggero',855383593,'2019-08-24 16:41:23',414),(113,'Briggs','Rycroft',364944284,'2019-11-25 11:55:18',111),(114,'Georgena','Guyers',153936499,'2019-10-18 03:44:43',242),(115,'Phyllida','Parr',673184307,'2020-04-04 06:54:50',249),(116,'Dredi','Coggill',852521306,'2019-06-19 21:03:51',114),(117,'Cornie','Pennini',694899479,'2019-12-17 13:57:23',459),(118,'Thorpe','Glasscoe',862551117,'2019-12-23 05:47:30',48),(119,'Becka','Ullrich',699203661,'2020-05-26 23:22:20',220),(120,'Leshia','Corps',202400628,'2019-08-05 09:39:36',176),(121,'Nikki','Holleworth',783392986,'2019-07-27 10:11:03',317),(122,'Abbott','Lanfare',896828456,'2019-07-27 22:13:38',367),(123,'Nissa','Ruoss',672189351,'2019-07-03 14:00:32',238),(124,'Andi','Scirman',493805911,'2020-04-06 03:46:48',37),(125,'Emma','Huebner',663973275,'2020-02-16 11:44:43',75),(126,'Nickola','Benne',176462605,'2019-12-09 01:57:41',203),(127,'Daile','Naismith',616251989,'2019-06-23 02:05:56',197),(128,'Lothaire','Nibloe',275342290,'2020-05-06 12:46:25',331),(129,'Farly','Peyto',731917406,'2019-12-03 16:24:04',22),(130,'Livvyy','Deniskevich',935236168,'2019-11-29 01:18:17',45),(131,'Hildagarde','Chasteney',814451270,'2020-01-29 15:35:24',138),(132,'Lesley','Trubshawe',935272798,'2020-04-18 03:29:59',405),(133,'Madge','Wiggans',481509734,'2020-05-29 12:05:14',450),(134,'Tamiko','Konig',847943153,'2019-12-09 12:12:47',99),(135,'Cindy','Dummigan',881408099,'2020-04-28 06:44:35',17),(136,'Ingeborg','Bysshe',806916413,'2019-10-06 23:22:36',379),(137,'Darrin','Colaton',265673809,'2019-06-26 16:54:01',249),(138,'Shirlene','Roman',586970990,'2019-12-05 11:58:27',315),(139,'Loise','Lerohan',662590350,'2019-10-13 21:44:58',231),(140,'Kathi','Harmston',292757176,'2019-06-06 04:03:41',314),(141,'Viki','Funnell',996846834,'2019-08-31 04:55:37',264),(142,'Glenda','Calcraft',184930652,'2020-05-05 21:45:26',254),(143,'Caritta','Biggans',647058873,'2019-06-18 03:52:07',414),(144,'Bertha','Dachs',132429274,'2019-07-12 19:34:36',76),(145,'Tully','McKall',300834787,'2019-11-17 14:45:10',75),(146,'Brocky','McFayden',938560901,'2020-01-16 00:24:08',270),(147,'Morissa','Eskrigg',682693311,'2019-10-07 22:23:20',74),(148,'Gabbey','Hellyar',913943052,'2019-12-26 21:20:44',339),(149,'Dorry','Triplet',987501434,'2019-10-02 12:41:32',243),(150,'Rhiamon','Calbrathe',905899259,'2019-06-21 09:42:38',431),(151,'Kerrill','Toupe',394030561,'2019-11-02 12:00:33',299),(152,'Hinze','Formby',675084084,'2020-04-03 08:55:13',153),(153,'Weber','Grishanin',646364936,'2020-01-27 14:07:53',77),(154,'Max','Lumsdall',688280787,'2019-10-22 11:41:25',30),(155,'Maxy','Tucknott',927478303,'2020-02-06 08:54:10',379),(156,'Sammy','Calf',845204021,'2020-04-12 22:10:28',11),(157,'Lavina','Grunwall',705102138,'2020-05-02 10:50:00',112),(158,'Mae','Aspinall',382437622,'2020-04-10 02:04:11',147),(159,'Elizabet','McRavey',347775448,'2019-07-16 11:21:51',333),(160,'Aldrich','Jay',875937784,'2019-09-04 17:00:19',460),(161,'Roman','Vila',378060909,'2020-01-31 09:53:52',431),(162,'Hewitt','Reisenstein',506585715,'2020-02-22 06:33:01',437),(163,'Gleda','Trays',656778944,'2020-03-15 20:50:36',160),(164,'Mendel','Prandi',370822630,'2020-04-21 08:28:19',452),(165,'Flory','Mavin',804994150,'2020-02-01 22:20:09',36),(166,'Rodi','Biers',282775015,'2020-04-15 10:01:29',103),(167,'Damian','Luis',489966023,'2020-05-30 04:44:51',12),(168,'Guillermo','Querree',446002046,'2020-01-25 12:17:52',234),(169,'Mohammed','Kovalski',784364382,'2019-08-17 23:58:49',368),(170,'Wandis','Dacre',881137176,'2019-07-28 05:21:08',36),(171,'Oliy','Cana',804415711,'2020-01-16 20:39:27',398),(172,'Dominica','Branigan',283377880,'2020-05-02 07:07:10',209),(173,'Danya','Picard',352275668,'2020-01-13 08:25:42',368),(174,'Gabe','Taks',445503638,'2020-02-03 18:18:00',360),(175,'Andrei','Giacomoni',357326513,'2019-09-30 21:52:40',240),(176,'Lorena','Todaro',742729745,'2020-02-24 07:34:15',380),(177,'Glyn','Battill',757283267,'2019-06-27 07:16:39',343),(178,'Zitella','Attwooll',380634381,'2020-02-18 20:59:29',399),(179,'Happy','Lindeman',861409641,'2020-05-21 05:28:33',148),(180,'Orin','Birth',730787027,'2020-05-06 09:49:43',237),(181,'Cornelia','Orsman',315463523,'2019-08-15 09:44:56',454),(182,'Gualterio','Tivenan',851524690,'2019-10-25 09:31:38',172),(183,'Susanne','Bartaletti',943684434,'2019-08-09 23:53:45',295),(184,'Coralie','Winstanley',652665233,'2019-08-07 22:05:07',29),(185,'Harcourt','Nelthrop',799071189,'2019-08-11 10:59:48',245),(186,'Viole','Sharrier',591054862,'2019-12-23 13:01:02',17),(187,'Teodora','Ellicott',284635399,'2020-05-31 22:22:37',478),(188,'Tad','Stacy',587597592,'2019-06-30 10:27:20',151),(189,'Sullivan','Minter',836213164,'2020-03-05 14:18:03',343),(190,'Charlton','Mallion',760330294,'2019-08-12 01:41:37',319),(191,'Sydney','Gianotti',357689488,'2020-03-18 08:04:53',452),(192,'Stephana','Halleday',913189446,'2019-12-27 10:21:43',231),(193,'Jeffy','Aiskovitch',744228125,'2020-02-21 14:17:26',405),(194,'Antony','Winram',815098372,'2019-08-22 10:57:04',25),(195,'Shaine','Chyuerton',718697552,'2019-11-10 16:53:19',310),(196,'Daffy','Rottcher',141867161,'2020-03-16 05:37:52',126),(197,'Marietta','Tabbitt',466648173,'2020-03-12 19:05:12',263),(198,'Cara','Sackett',249403482,'2019-11-19 06:47:08',127),(199,'Tracie','Portigall',808500688,'2020-04-06 10:01:38',255),(200,'Helena','Durgan',844438545,'2019-09-12 04:36:24',294),(201,'Eugen','Maven',831942813,'2019-12-12 10:38:20',15),(202,'Phyllis','Biggadyke',757487914,'2019-07-01 04:41:25',342),(203,'Kaspar','Bearn',734015275,'2020-01-20 04:32:58',431),(204,'Gibby','Norwood',723838877,'2020-01-15 12:36:57',131),(205,'Dalia','Walesa',377301139,'2020-03-24 13:17:39',303),(206,'Pietro','Missington',940657140,'2019-11-22 03:10:22',400),(207,'Freddi','Pull',563550566,'2020-01-23 12:47:39',338),(208,'Jeromy','Marr',554673531,'2019-07-29 16:22:45',245),(209,'Thedric','Caramuscia',583350851,'2020-05-19 00:05:06',156),(210,'Gusella','Putt',963210306,'2019-12-22 10:27:51',81),(211,'Randie','Ker',579470915,'2020-02-06 01:48:24',446),(212,'Lynnett','Snelson',176202702,'2020-01-15 04:43:10',153),(213,'Sholom','Woodburn',311896079,'2019-06-23 01:56:56',468),(214,'Jewelle','Hancorn',922531860,'2019-12-29 07:31:48',326),(215,'Jobi','Richarson',807477112,'2019-06-15 06:03:59',41),(216,'Helge','Lartice',675892216,'2019-10-15 00:43:47',424),(217,'Hester','Aucott',768912204,'2019-09-13 06:58:19',43),(218,'Marthena','Noah',347508552,'2020-03-24 22:52:13',83),(219,'Codie','Mertgen',343988822,'2019-11-22 09:37:59',477),(220,'Kitti','Westlake',964071202,'2019-07-29 08:16:00',55),(221,'Terese','Moroney',729556694,'2020-04-19 01:11:29',210),(222,'Delano','Curner',296888924,'2020-05-23 07:05:31',170),(223,'Grete','Oppie',946910007,'2020-01-22 23:47:51',283),(224,'Kristina','Groocock',149186824,'2019-10-28 05:56:09',255),(225,'Svend','Rableau',383575487,'2019-06-24 14:31:55',290),(226,'Vidovik','Bunford',936841694,'2019-09-08 23:06:08',122),(227,'Antonino','Bukac',882399155,'2020-05-24 19:05:28',276),(228,'Erin','Igonet',120734302,'2020-01-30 03:03:31',69),(229,'Dorri','Roache',703477950,'2020-03-10 01:19:01',156),(230,'Toinette','Temperton',955602809,'2020-01-06 23:01:28',317),(231,'Lou','Ovett',265381096,'2020-02-12 17:10:31',22),(232,'Rodolphe','Kobierski',510811174,'2020-02-18 23:05:19',178),(233,'Anica','Clash',545248711,'2019-08-27 04:57:01',286),(234,'Adriane','Fellows',161546088,'2019-06-18 07:21:54',316),(235,'Pierre','Bernardet',271155106,'2019-06-12 10:00:18',338),(236,'Parrnell','Klimuk',891872137,'2020-04-01 11:22:13',258),(237,'Angeline','Victor',399845184,'2020-01-03 10:12:54',71),(238,'Sondra','Longhorne',946630456,'2019-10-03 19:21:52',14),(239,'Elvina','Dimitriades',556443601,'2020-05-14 03:13:47',425),(240,'Eddi','Sharpless',120793592,'2019-12-15 15:05:04',114),(241,'Dani','Lightwood',993290982,'2020-03-11 01:51:18',447),(242,'Betteanne','Arbuckle',289893531,'2019-06-28 23:54:26',200),(243,'Karee','Norree',936503233,'2020-06-01 17:20:06',158),(244,'Finley','Emmot',180443212,'2019-12-28 02:56:10',478),(245,'Ciro','Irnys',852389378,'2020-03-01 19:42:38',5),(246,'Brana','Dyche',791314645,'2020-02-26 00:19:37',33),(247,'Alanah','Moorhouse',312402941,'2019-07-15 18:19:50',254),(248,'Alena','Boylan',705347778,'2020-05-18 12:21:25',304),(249,'Devon','Posten',934071742,'2020-02-14 07:53:39',262),(250,'Dolores','Noone',872549278,'2019-07-20 13:42:50',230),(251,'Desi','Kurton',378158707,'2019-09-17 06:49:29',107),(252,'Natal','Probey',430502505,'2020-03-08 23:22:19',272),(253,'Dario','Soutar',334679437,'2019-10-22 18:05:38',309),(254,'Ruprecht','Diamant',768543514,'2019-08-29 19:55:52',73),(255,'Ariel','Brecher',303476048,'2019-06-24 07:42:24',328),(256,'Florencia','Farley',354623009,'2020-04-22 14:02:59',435),(257,'Allyson','Summersett',298303020,'2019-07-29 19:15:43',395),(258,'Brady','Rene',244302443,'2019-06-05 19:03:44',450),(259,'Anselma','Adne',787725618,'2019-07-20 20:50:02',461),(260,'Trip','Peschke',280710562,'2019-09-28 00:40:31',111),(261,'Mirabel','Goodale',880762325,'2020-05-12 20:36:17',152),(262,'Ingar','Philpault',645250855,'2019-07-20 10:10:50',418),(263,'Barby','Baversor',668779050,'2020-03-22 07:13:22',75),(264,'Elisabeth','Manion',204863207,'2019-07-16 15:07:45',81),(265,'Harriet','Silcocks',943491570,'2019-12-27 04:15:32',253),(266,'Cobb','Killigrew',236487756,'2020-03-10 11:09:29',389),(267,'Henri','Curle',647753597,'2019-06-24 18:24:11',25),(268,'Doy','Lehmann',564019218,'2020-02-07 10:16:04',288),(269,'Sephira','Pagnin',938930729,'2019-09-28 11:38:36',93),(270,'Gordan','Scroggins',987507227,'2019-10-05 13:26:34',376),(271,'Shelby','Hillborne',378912575,'2019-11-20 05:18:07',421),(272,'Jojo','Dobeson',913434630,'2020-04-08 23:32:07',367),(273,'Dewie','Bassano',499015864,'2019-07-25 19:46:24',20),(274,'Janette','Sowley',554630009,'2020-01-12 00:19:41',302),(275,'Lawrence','Dow',399616910,'2020-05-16 02:57:06',381),(276,'Eden','Heasman',114334175,'2019-12-26 04:40:20',246),(277,'Minette','Fibbens',224805989,'2019-11-29 10:30:04',5),(278,'Ray','Cummine',204589843,'2020-05-18 05:35:45',318),(279,'Harmon','Le Huquet',732579120,'2019-11-23 20:59:40',464),(280,'Elise','Rainsdon',426201191,'2019-07-15 05:44:14',280),(281,'Margaretta','Goskar',626934832,'2020-05-10 18:20:05',189),(282,'Camila','Oganesian',496643931,'2019-08-15 08:31:14',223),(283,'Artemus','Metzke',571975432,'2019-08-30 21:26:52',221),(284,'Talbot','Patis',320779984,'2020-03-29 19:23:42',369),(285,'Amory','Ximenez',434557192,'2020-04-11 23:41:44',51),(286,'Xena','Libreros',572139225,'2019-12-07 11:11:19',391),(287,'Xever','Dhennin',568085266,'2020-04-27 19:23:56',442),(288,'Ephrem','Pennicott',853912898,'2019-09-25 03:43:07',203),(289,'Darnell','Ludl',879445000,'2019-06-29 12:00:04',390),(290,'Maurie','Trevallion',809171211,'2019-09-20 21:57:32',346),(291,'Maura','Pindar',167522926,'2019-07-28 06:50:44',275),(292,'Maryanna','Nossent',203315436,'2020-02-10 02:59:58',363),(293,'Rudiger','Osment',447549652,'2019-10-02 05:40:27',44),(294,'Aloise','Jacquemot',789827056,'2020-01-09 11:47:15',86),(295,'Abey','Ivshin',281804923,'2020-02-09 12:24:56',417),(296,'Desirae','Duffan',574424885,'2019-07-14 17:04:54',330),(297,'Alley','Cadagan',831418051,'2019-12-22 07:44:02',440),(298,'Andonis','Tolan',103634739,'2019-08-29 05:40:48',310),(299,'Trace','Agott',672423244,'2019-07-10 12:08:03',401),(300,'Cherye','Bourne',510940719,'2019-08-29 03:01:41',460),(301,'Dudley','Barnhill',346029582,'2020-01-17 00:19:46',365),(302,'Hollie','Folder',241863594,'2019-08-25 08:18:50',203),(303,'Menard','Mocquer',108040535,'2020-01-21 08:29:19',48),(304,'Kimble','Handyside',386037727,'2020-02-12 06:57:56',67),(305,'Maurine','Nudde',769474344,'2020-03-15 14:35:22',147),(306,'Natividad','Gurling',286819381,'2020-04-09 03:41:20',162),(307,'Cindelyn','Kennan',173886471,'2019-07-03 01:37:08',437),(308,'Rorie','Cino',300735388,'2020-05-25 16:37:10',404),(309,'Coral','Baughan',696988498,'2019-11-08 05:34:25',191),(310,'Laurens','Kehri',646539473,'2019-06-19 16:35:57',122),(311,'Ave','Bonsul',523838802,'2019-12-23 10:06:47',396),(312,'Quill','Wormstone',763505851,'2019-07-11 20:50:41',309),(313,'Emyle','Spera',541226876,'2020-01-15 09:18:15',241),(314,'Christie','Bayless',630079104,'2019-08-08 04:24:09',221),(315,'Jenny','Matthiesen',649363458,'2019-12-02 05:23:26',187),(316,'Stuart','D\'Agostino',271773089,'2020-01-13 02:18:12',169),(317,'Rodge','Jaray',181048681,'2019-11-13 08:43:29',220),(318,'Shirl','Bazell',991673760,'2019-06-14 19:18:45',224),(319,'Reggie','Hurne',913275324,'2020-01-13 16:38:20',209),(320,'Dareen','Jeannenet',747699298,'2020-02-05 10:54:51',253),(321,'Eloise','Whetnell',289409097,'2019-06-24 04:38:16',332),(322,'Mona','Harmstone',223257010,'2020-04-30 21:53:46',50),(323,'Vonnie','Ransbury',565794197,'2019-07-14 18:36:03',267),(324,'Corinna','Grimsdell',721820607,'2020-01-27 00:58:18',475),(325,'Adan','Forbes',615066049,'2019-07-29 03:34:22',111),(326,'Joey','Barthel',669640585,'2020-04-22 04:34:23',474),(327,'Nicol','Crellim',715822049,'2019-09-21 05:24:59',40),(328,'Tresa','Dundin',263932425,'2019-07-01 13:10:09',336),(329,'Jada','Smallshaw',758779691,'2020-01-08 04:57:07',83),(330,'Carita','Cardoo',658400036,'2020-03-21 15:55:47',349),(331,'Madelon','Bartlet',266657081,'2019-12-23 07:54:04',84),(332,'Annalee','Kingaby',179433456,'2019-10-31 01:36:02',417),(333,'Katleen','Jedrzejkiewicz',171008971,'2020-03-22 15:55:40',153),(334,'Tedie','Pillington',104369061,'2019-07-10 07:50:23',101),(335,'Ursulina','Wilden',988340700,'2019-07-14 08:31:23',49),(336,'Yolane','Poxson',481553811,'2019-09-07 02:26:59',274),(337,'Boris','Carter',998521705,'2019-09-06 02:29:00',226),(338,'Cory','De Caroli',430497206,'2020-02-08 10:45:11',44),(339,'Liliane','Rouf',716461381,'2020-03-09 02:17:06',416),(340,'Aile','Minocchi',869763643,'2020-02-07 08:58:42',265),(341,'Sheeree','Ranyard',211775192,'2020-06-01 05:38:42',198),(342,'Willette','Persent',653391390,'2020-02-21 10:22:01',209),(343,'Tilda','Donnett',318430651,'2019-09-13 16:36:17',270),(344,'Davide','Teaser',275120658,'2019-09-19 00:30:43',466),(345,'Tiebout','Reckhouse',238200145,'2019-12-30 07:40:28',134),(346,'Emmalee','Meeks',840029219,'2019-06-13 08:25:30',482),(347,'Jacintha','Fawke',639215547,'2020-04-24 18:34:17',173),(348,'Marjie','Cooksey',981559817,'2019-06-20 14:58:00',38),(349,'Michaelina','Ortiger',552589952,'2019-08-03 12:07:57',257),(350,'Belvia','Rosier',570126957,'2019-09-15 07:49:19',247),(351,'Tatiana','Sibyllina',917118605,'2019-08-13 03:21:07',390),(352,'Ruggiero','Clinning',153176886,'2019-06-17 07:43:09',159),(353,'Marget','Sked',451869424,'2019-11-23 12:37:54',274),(354,'Marchall','Cammish',267087403,'2019-06-20 17:33:55',7),(355,'Berky','Barnewelle',868868292,'2020-05-20 16:00:26',400),(356,'Egbert','Sandcroft',997147075,'2020-04-08 14:17:32',405),(357,'Benedetta','Simoneton',554841266,'2019-08-26 21:08:03',127),(358,'Hephzibah','Divis',779726127,'2019-12-27 09:53:50',61),(359,'Hamish','Shinefield',117811381,'2020-05-27 03:20:03',189),(360,'Stacie','Pietasch',670940242,'2019-10-12 21:23:39',292),(361,'Felicio','Porcher',410449583,'2019-09-07 06:06:49',402),(362,'Adele','Woodsford',454508604,'2020-01-18 10:32:52',404),(363,'Gwennie','Burford',102796277,'2019-10-17 20:00:22',194),(364,'Dasha','Chanter',906131337,'2020-05-23 10:50:25',460),(365,'Lacee','Mcasparan',233886239,'2020-01-13 05:19:24',357),(366,'Warden','Bartelot',588928465,'2020-03-25 09:10:15',159),(367,'Blondell','Butters',941394565,'2019-07-17 00:48:49',145),(368,'Leicester','Shetliff',861601912,'2019-07-23 09:35:19',389),(369,'Northrop','Gores',770648803,'2020-01-08 06:02:01',13),(370,'Kai','Fentem',483259414,'2020-03-06 10:55:42',432),(371,'Roosevelt','Conti',409717282,'2020-05-29 05:38:53',103),(372,'Jasun','Hucker',955774726,'2019-07-25 23:47:09',212),(373,'Ulrica','Coaker',489101586,'2020-05-08 13:37:09',423),(374,'Bill','Finlayson',477671928,'2020-02-05 17:51:00',279),(375,'Annabelle','MacGeffen',264756698,'2019-06-05 08:26:14',78),(376,'Court','De Andisie',699641739,'2019-12-04 14:58:11',252),(377,'Camala','Bonsall',718687225,'2019-08-26 19:48:26',333),(378,'Doralynn','Corradi',626016340,'2020-05-25 06:59:12',202),(379,'Adrien','Kensitt',184967537,'2019-11-28 09:57:46',411),(380,'Lydie','Seman',488780976,'2019-07-08 16:04:20',366),(381,'Tomkin','Chadbourne',957073955,'2019-09-09 06:39:44',470),(382,'Gabriellia','Freckelton',550438796,'2020-05-26 01:29:36',200),(383,'Jenny','Brightman',979654060,'2020-03-23 09:49:20',31),(384,'Virginia','Kasper',140958066,'2020-03-18 02:08:05',421),(385,'Dare','Southward',347500058,'2020-03-19 15:10:58',415),(386,'Elsi','Duiged',864563162,'2019-10-01 03:07:53',414),(387,'Had','Bolens',103281135,'2019-10-16 14:49:15',231),(388,'Carver','Fidge',379609034,'2020-04-18 18:57:22',319),(389,'Gare','Breen',531643013,'2020-03-15 04:10:49',97),(390,'Diego','Bohl',551002035,'2020-01-07 12:16:34',376),(391,'Augustine','Wilgar',481097129,'2019-11-19 17:06:59',444),(392,'Westley','Cruddas',787115233,'2019-08-23 13:18:04',209),(393,'Shannah','Guiducci',766708559,'2020-02-21 20:13:46',145),(394,'Steven','Dockree',492155275,'2019-06-13 17:51:09',281),(395,'Imojean','Ashbee',290724735,'2019-09-16 00:19:21',413),(396,'Tammi','Shackel',883437352,'2019-11-15 12:20:10',341),(397,'Melodee','MacDonagh',169903421,'2019-11-10 21:41:22',416),(398,'Tammie','Chinge de Hals',862137718,'2020-05-27 18:35:29',272),(399,'Konstantine','Coopper',439754650,'2019-07-17 23:34:26',81),(400,'Wake','Cullagh',530907507,'2019-07-28 13:26:09',251),(401,'Rowland','Godbold',590091441,'2019-06-19 15:08:05',94),(402,'Marys','Bust',460478518,'2020-02-05 09:34:21',307),(403,'Abran','Noar',531636975,'2019-09-22 00:03:29',142),(404,'Dorette','Ragbourne',274564732,'2020-05-10 06:42:08',479),(405,'Stanley','Domican',416146524,'2019-06-06 10:01:27',417),(406,'Codee','McBlain',509911787,'2020-03-31 11:54:25',486),(407,'Rodrick','Bert',355176045,'2019-06-11 00:34:16',186),(408,'Brander','Dorran',135793846,'2020-03-17 19:39:18',102),(409,'Clarie','Tue',844085654,'2019-12-19 07:28:56',162),(410,'Thorstein','Bengle',572497049,'2019-10-28 21:39:45',121),(411,'Winny','Fearneley',470949979,'2020-03-04 12:59:20',70),(412,'Euphemia','Sambeck',795503686,'2020-03-27 06:19:55',309),(413,'Rochette','Klimschak',626812265,'2020-05-14 09:06:07',46),(414,'Griselda','McGloin',361383352,'2019-06-05 15:01:52',239),(415,'Modestine','Fuge',649340655,'2019-09-16 07:56:41',182),(416,'Klemens','Linnett',400518604,'2020-03-03 11:59:18',143),(417,'Lissy','Smithen',118839303,'2020-04-02 21:09:03',481),(418,'Tony','Bischof',737190052,'2019-08-01 03:03:20',2),(419,'Luis','Cassidy',829697397,'2020-05-31 01:11:34',31),(420,'Lucy','Shalliker',117066679,'2020-04-19 06:55:31',238),(421,'Earvin','Anslow',605526448,'2020-05-03 12:44:14',298),(422,'Niccolo','Carlucci',356662871,'2019-09-21 16:56:20',92),(423,'Vittorio','Kiehl',982805799,'2019-10-06 05:35:50',83),(424,'Flossi','O\'Kinneally',917478618,'2019-06-29 23:15:16',338),(425,'Jack','Murison',884355995,'2020-02-25 15:34:05',66),(426,'Dacy','Pleven',226338239,'2020-04-05 05:01:48',406),(427,'Minor','Finci',325853612,'2019-07-26 21:15:57',227),(428,'Hedda','Impy',903643130,'2019-07-04 02:20:49',484),(429,'Zelda','Trotter',991122266,'2019-09-21 14:15:10',188),(430,'Gwynne','Coulter',728349220,'2019-12-30 16:32:27',347),(431,'Bendix','Clinnick',282306942,'2019-10-12 14:30:33',265),(432,'Calli','Ridley',577217301,'2020-03-23 12:39:35',409),(433,'Anica','Fores',522565821,'2019-09-25 09:53:36',410),(434,'Elmira','Everton',726425401,'2019-12-24 17:31:01',368),(435,'Thedrick','Elverstone',743483534,'2019-06-24 04:57:02',463),(436,'Frederigo','O\' Lone',931993224,'2019-06-24 23:34:27',408),(437,'Elysia','Errol',750416912,'2020-01-02 17:51:08',221),(438,'Klara','Gellibrand',874223551,'2019-12-06 16:45:22',58),(439,'Fraser','Armatage',785958520,'2019-12-12 03:00:52',34),(440,'Pasquale','Bryson',542938558,'2020-03-23 08:38:54',116),(441,'Edythe','McCracken',646744533,'2020-02-05 22:00:05',63),(442,'Joseito','Rayhill',241695914,'2020-05-02 22:22:25',73),(443,'Maxi','Teggart',894372002,'2020-05-02 08:58:15',400),(444,'Chrystal','Ballister',278377031,'2019-08-29 22:44:02',232),(445,'Elfrida','Nuss',384797505,'2019-08-28 10:31:10',89),(446,'Hernando','Kindleysides',440609821,'2019-12-18 16:35:47',366),(447,'Millard','Brevitt',705858943,'2019-07-02 06:06:02',93),(448,'Aileen','Kruger',243496634,'2020-01-29 01:05:44',131),(449,'Gus','Persich',268807160,'2019-06-17 06:44:49',396),(450,'Christi','Ianittello',607473360,'2019-08-14 23:12:03',46),(451,'Orelle','Cornick',192654806,'2019-11-13 01:16:53',3),(452,'Wiley','Solon',935128258,'2019-12-06 23:33:14',68),(453,'Wilden','Godson',747515726,'2019-09-14 20:42:59',43),(454,'Cathlene','Duinkerk',711441348,'2020-05-02 12:08:00',357),(455,'Ingra','De Bruijn',656366103,'2020-03-22 04:17:36',182),(456,'Rodrigo','Treece',968093506,'2019-08-12 03:13:32',85),(457,'Casper','Eamer',513426644,'2019-08-21 10:32:25',181),(458,'Shana','Blease',486956550,'2019-11-04 12:25:26',440),(459,'Linea','Mordy',655303517,'2019-11-15 14:31:20',80),(460,'Dew','Rawcliff',810857516,'2020-05-08 08:32:30',360),(461,'Kristofor','Dando',736374036,'2020-03-02 15:51:01',22),(462,'Chucho','Halpin',930059134,'2020-01-18 19:04:12',97),(463,'Stanfield','Skpsey',720351151,'2020-05-10 13:29:38',149),(464,'Gaye','Moran',482384748,'2019-12-26 03:16:47',7),(465,'Nerissa','Sijmons',144933346,'2020-01-23 07:53:45',301),(466,'Herta','Harte',153576478,'2020-02-04 07:47:19',340),(467,'Ive','Van der Brug',680239297,'2019-08-18 02:38:28',318),(468,'Callean','Labone',793178460,'2019-09-18 11:31:05',454),(469,'Jasper','Norton',170623292,'2020-02-25 08:10:46',326),(470,'Dolores','Berre',850345120,'2020-01-17 04:32:46',440),(471,'Seward','Thompson',913774625,'2020-05-20 03:05:34',345),(472,'Noel','Murdie',423589700,'2019-07-08 15:48:58',377),(473,'Chloe','Cossans',526573602,'2020-01-09 00:40:11',249),(474,'Brandie','Coomber',858511789,'2020-04-16 09:16:10',397),(475,'Kaleena','Tallboy',109160338,'2020-05-09 12:17:01',14),(476,'Heall','Hobson',417362301,'2019-08-19 10:25:02',119),(477,'Sheff','McCroft',481769889,'2019-07-16 15:33:38',138),(478,'Kylynn','Deeson',625046049,'2019-10-03 12:36:36',171),(479,'Marlo','Terzo',101336768,'2020-06-02 13:57:06',66),(480,'Kiah','MacGraith',103164034,'2020-01-01 01:21:56',91),(481,'Milt','O\'Shields',973938324,'2020-05-13 17:34:28',77),(482,'Merwyn','Haack',267296233,'2020-01-26 11:15:50',104),(483,'Juditha','Devenport',516236991,'2020-05-23 03:11:57',45),(484,'Ida','Cottem',846706008,'2020-04-02 23:23:07',176),(485,'Dietrich','Brimley',941375038,'2019-08-27 19:14:57',107),(486,'Melisande','Szymanowicz',738085005,'2020-03-07 14:05:32',59),(487,'Bellanca','Chatres',100852670,'2019-10-08 22:46:37',293),(488,'ewqweqewq','dasdasdasda',1235469780,NULL,502),(489,'321wqe','weq12',21,'2020-07-03 06:19:38',503),(490,'lalalalalalaa','lololololo',231,'2020-07-03 06:28:49',504),(492,'dsaweq','ewqdas',3211,'2020-07-04 09:39:25',509),(493,'wqedsa','dsadasqew',0,'2020-07-04 09:46:59',510),(494,'daswqe','dsaweq',321,'2020-07-04 09:49:00',511),(498,'dasqwedsa','adseqwasd',132546897,'2020-07-06 04:09:34',517),(499,'ewqadswqedas','dsadasdas',213321321,'2020-07-06 04:11:39',520);
/*!40000 ALTER TABLE `customers` ENABLE KEYS */;
UNLOCK TABLES;

--
-- Table structure for table `mbspent`
--

DROP TABLE IF EXISTS `mbspent`;
/*!40101 SET @saved_cs_client     = @@character_set_client */;
/*!50503 SET character_set_client = utf8mb4 */;
CREATE TABLE `mbspent` (
  `mbID` int NOT NULL AUTO_INCREMENT,
  `CustomerID` int NOT NULL,
  `HowMany` int NOT NULL,
  `When` datetime DEFAULT NULL,
  PRIMARY KEY (`mbID`),
  KEY `mbSpent_fk0` (`CustomerID`),
  CONSTRAINT `mbSpent_fk0` FOREIGN KEY (`CustomerID`) REFERENCES `customers` (`CustomerID`)
) ENGINE=InnoDB AUTO_INCREMENT=101 DEFAULT CHARSET=utf8mb4 COLLATE=utf8mb4_0900_ai_ci;
/*!40101 SET character_set_client = @saved_cs_client */;

--
-- Dumping data for table `mbspent`
--

LOCK TABLES `mbspent` WRITE;
/*!40000 ALTER TABLE `mbspent` DISABLE KEYS */;
INSERT INTO `mbspent` VALUES (1,165,331,'2020-05-11 22:14:43'),(2,27,426,'2020-05-11 10:14:13'),(3,74,48,'2020-04-22 02:11:43'),(4,80,246,'2020-05-10 09:36:47'),(5,378,120,'2020-04-20 08:59:56'),(6,197,321,'2020-04-15 23:09:18'),(7,321,241,'2020-04-06 19:56:34'),(8,327,365,'2020-04-26 11:35:16'),(9,94,331,'2020-04-30 21:27:03'),(10,224,91,'2020-05-16 09:29:54'),(11,477,149,'2020-04-05 15:44:34'),(12,225,66,'2020-05-13 02:34:16'),(13,291,39,'2020-04-28 18:28:44'),(14,431,294,'2020-05-09 05:14:15'),(15,487,125,'2020-05-05 09:21:53'),(16,133,202,'2020-04-01 20:29:05'),(17,89,212,'2020-04-26 11:25:02'),(18,473,232,'2020-05-04 04:27:16'),(19,430,57,'2020-04-15 01:46:35'),(20,386,165,'2020-05-17 07:46:01'),(21,45,137,'2020-05-10 23:33:15'),(22,51,313,'2020-05-10 06:59:28'),(23,230,75,'2020-04-14 01:00:03'),(24,89,332,'2020-04-01 23:55:59'),(25,160,281,'2020-04-30 03:23:25'),(26,371,330,'2020-04-15 05:26:16'),(27,262,101,'2020-05-04 21:37:13'),(28,436,448,'2020-04-16 18:05:58'),(29,265,114,'2020-05-01 04:14:47'),(30,86,39,'2020-05-03 22:20:06'),(31,55,292,'2020-04-29 00:26:27'),(32,82,333,'2020-04-29 04:50:20'),(33,166,81,'2020-04-22 06:36:28'),(34,189,272,'2020-04-19 08:51:40'),(35,186,237,'2020-04-24 00:23:13'),(36,183,8,'2020-05-12 19:14:13'),(37,391,426,'2020-05-03 08:34:57'),(38,120,19,'2020-05-18 22:34:44'),(39,253,316,'2020-05-13 04:23:10'),(40,33,449,'2020-04-23 08:40:16'),(41,277,182,'2020-04-17 12:19:19'),(42,103,120,'2020-05-09 01:50:58'),(43,363,183,'2020-04-05 02:33:24'),(44,254,170,'2020-05-09 19:43:40'),(45,155,381,'2020-04-01 06:06:52'),(46,424,260,'2020-04-10 15:47:12'),(47,75,71,'2020-04-09 22:48:59'),(48,77,443,'2020-04-13 13:10:52'),(49,266,477,'2020-05-16 03:00:49'),(50,473,225,'2020-04-22 04:03:27'),(51,461,244,'2020-04-09 06:48:17'),(52,165,231,'2020-04-05 14:16:00'),(53,290,376,'2020-05-10 12:15:32'),(54,331,360,'2020-04-26 05:40:17'),(55,151,36,'2020-04-23 00:13:19'),(56,299,37,'2020-05-05 04:34:21'),(57,145,139,'2020-04-07 02:01:32'),(58,343,37,'2020-05-01 22:13:46'),(59,180,53,'2020-04-04 19:13:49'),(60,215,64,'2020-05-11 04:56:58'),(61,320,67,'2020-04-28 02:02:43'),(62,87,268,'2020-05-01 03:57:04'),(63,363,234,'2020-04-25 21:34:34'),(64,49,295,'2020-05-01 19:48:16'),(65,258,171,'2020-05-09 11:41:58'),(66,97,277,'2020-04-20 20:22:31'),(67,224,46,'2020-04-10 19:01:40'),(68,398,47,'2020-05-02 12:23:24'),(69,278,343,'2020-04-18 05:49:11'),(70,267,351,'2020-04-24 13:08:45'),(71,446,321,'2020-04-21 06:18:36'),(72,390,76,'2020-05-05 05:34:45'),(73,283,151,'2020-04-03 22:47:21'),(74,354,310,'2020-05-16 12:47:31'),(75,66,300,'2020-05-04 09:01:30'),(76,342,399,'2020-04-04 06:44:42'),(77,194,408,'2020-04-26 20:04:56'),(78,48,162,'2020-04-28 20:41:51'),(79,408,491,'2020-05-19 14:36:05'),(80,466,110,'2020-05-11 04:56:27'),(81,23,357,'2020-05-05 04:04:38'),(82,73,417,'2020-04-02 14:32:32'),(83,28,393,'2020-05-19 12:13:31'),(84,409,207,'2020-05-07 12:56:16'),(85,264,440,'2020-04-30 20:04:59'),(86,158,431,'2020-05-03 08:49:34'),(87,393,265,'2020-05-07 19:49:58'),(88,200,22,'2020-04-25 12:13:41'),(89,21,27,'2020-04-09 04:41:32'),(90,376,412,'2020-05-02 22:46:37'),(91,28,461,'2020-04-30 03:51:13'),(92,334,419,'2020-04-24 00:15:01'),(93,156,113,'2020-04-05 05:14:21'),(94,92,110,'2020-05-04 00:56:35'),(95,436,111,'2020-04-25 21:34:39'),(96,277,229,'2020-04-07 11:46:06'),(97,24,193,'2020-04-14 22:46:26'),(98,12,217,'2020-05-09 08:25:12'),(99,462,219,'2020-04-22 01:27:42'),(100,417,356,'2020-05-13 21:42:02');
/*!40000 ALTER TABLE `mbspent` ENABLE KEYS */;
UNLOCK TABLES;

--
-- Table structure for table `phonenumbers`
--

DROP TABLE IF EXISTS `phonenumbers`;
/*!40101 SET @saved_cs_client     = @@character_set_client */;
/*!50503 SET character_set_client = utf8mb4 */;
CREATE TABLE `phonenumbers` (
  `PhoneNumID` int NOT NULL AUTO_INCREMENT,
  `CustomerID` int NOT NULL,
  `PhoneNumber` varchar(20) NOT NULL,
  PRIMARY KEY (`PhoneNumID`),
  KEY `PhoneNumbers_fk0` (`CustomerID`),
  CONSTRAINT `PhoneNumbers_fk0` FOREIGN KEY (`CustomerID`) REFERENCES `customers` (`CustomerID`)
) ENGINE=InnoDB AUTO_INCREMENT=488 DEFAULT CHARSET=utf8mb4 COLLATE=utf8mb4_0900_ai_ci;
/*!40101 SET character_set_client = @saved_cs_client */;

--
-- Dumping data for table `phonenumbers`
--

LOCK TABLES `phonenumbers` WRITE;
/*!40000 ALTER TABLE `phonenumbers` DISABLE KEYS */;
INSERT INTO `phonenumbers` VALUES (1,353,'+31 711 279 3170'),(2,339,'+86 807 173 4524'),(3,372,'+972 232 443 5936'),(4,326,'+86 933 925 7253'),(5,20,'+33 809 330 8831'),(6,25,'+504 643 923 4216'),(7,352,'+66 480 417 6489'),(8,6,'+86 527 174 3529'),(9,452,'+86 176 643 6505'),(10,14,'+44 345 361 3821'),(11,153,'+86 863 962 2483'),(12,305,'+374 717 891 5464'),(13,285,'+33 725 614 8361'),(14,348,'+7 137 685 9927'),(15,88,'+86 327 373 2693'),(16,183,'+355 985 302 5663'),(17,72,'+1 816 944 5123'),(18,433,'+46 890 841 1775'),(19,331,'+967 345 627 6635'),(20,184,'+33 446 779 6598'),(21,279,'+66 362 569 5215'),(22,438,'+351 376 141 2944'),(23,450,'+33 120 756 6164'),(24,229,'+62 666 936 1301'),(25,205,'+62 997 394 2348'),(26,329,'+86 503 461 9555'),(27,43,'+880 889 819 1414'),(28,180,'+54 630 374 5096'),(29,286,'+86 514 358 5207'),(30,179,'+62 568 380 2224'),(31,325,'+31 933 102 6880'),(32,271,'+46 161 417 6179'),(33,145,'+509 286 635 2640'),(34,121,'+86 388 937 1509'),(35,203,'+54 698 397 3953'),(36,218,'+33 703 633 2292'),(37,194,'+998 826 625 3898'),(38,225,'+237 462 179 1479'),(39,81,'+62 334 477 0437'),(40,258,'+48 141 501 5775'),(41,203,'+420 782 648 7951'),(42,97,'+380 693 425 1037'),(43,317,'+86 757 710 3188'),(44,70,'+86 681 932 7935'),(45,115,'+46 357 501 2254'),(46,2,'+33 854 569 7025'),(47,375,'+62 410 775 1708'),(48,193,'+86 433 599 1599'),(49,64,'+358 537 981 0935'),(50,341,'+63 606 242 0352'),(51,221,'+261 593 767 2181'),(52,71,'+389 588 718 7560'),(53,259,'+51 868 643 9117'),(54,146,'+86 420 403 8137'),(55,371,'+261 942 465 7231'),(56,447,'+223 485 825 1550'),(57,217,'+358 588 705 7063'),(58,242,'+86 777 220 2164'),(59,477,'+41 442 743 7128'),(60,469,'+1 520 656 9083'),(61,274,'+54 804 848 6200'),(62,340,'+385 698 625 8395'),(63,253,'+962 524 509 4827'),(64,301,'+597 318 179 0947'),(65,73,'+56 380 348 5015'),(66,161,'+33 650 596 5704'),(67,266,'+30 417 244 5846'),(68,352,'+86 219 281 6814'),(69,323,'+1 168 117 3835'),(70,390,'+66 982 537 1813'),(71,183,'+7 209 909 3313'),(72,331,'+86 566 753 4330'),(73,184,'+33 805 346 3008'),(74,9,'+86 796 268 7845'),(75,145,'+7 594 696 0058'),(76,404,'+86 423 151 1366'),(77,239,'+63 581 567 0215'),(78,143,'+258 385 450 6450'),(79,26,'+48 989 261 6128'),(80,177,'+62 614 813 9686'),(81,26,'+7 470 908 4914'),(82,465,'+62 282 805 1833'),(83,9,'+63 199 314 2927'),(84,277,'+54 931 413 1622'),(85,269,'+86 204 488 0695'),(86,303,'+62 662 924 7762'),(87,174,'+86 206 127 6696'),(88,56,'+62 996 784 5497'),(89,28,'+55 448 396 2921'),(90,69,'+63 430 286 3538'),(91,379,'+66 305 380 4584'),(92,418,'+48 955 419 2167'),(93,229,'+30 451 727 5879'),(94,274,'+63 351 741 6216'),(95,254,'+86 342 411 8041'),(96,45,'+86 394 868 9892'),(97,453,'+1 901 444 0541'),(98,240,'+62 763 830 4490'),(99,216,'+1 617 423 5150'),(100,248,'+48 443 741 2283'),(101,301,'+53 548 476 6288'),(102,365,'+54 511 369 4500'),(103,398,'+86 621 253 6980'),(104,7,'+7 682 624 7892'),(105,472,'+961 855 139 7692'),(106,379,'+351 855 146 7908'),(107,192,'+57 538 620 3571'),(108,404,'+86 421 630 1310'),(109,302,'+86 182 683 0619'),(110,349,'+1 848 812 1235'),(111,141,'+358 685 851 2475'),(112,255,'+98 765 338 2790'),(113,221,'+7 913 411 0344'),(114,98,'+351 590 688 6618'),(115,353,'+84 901 136 7057'),(116,438,'+1 636 829 4412'),(117,378,'+86 278 705 0865'),(118,86,'+380 239 284 4278'),(119,423,'+380 420 658 0602'),(120,406,'+291 168 380 6248'),(121,89,'+230 189 107 5467'),(122,301,'+7 705 781 9477'),(123,293,'+261 862 635 9314'),(124,66,'+63 466 930 4809'),(125,359,'+57 861 638 3589'),(126,118,'+86 188 812 2272'),(127,287,'+62 191 921 8756'),(128,133,'+86 244 441 9657'),(129,194,'+62 163 267 3321'),(130,178,'+27 383 572 6060'),(131,260,'+48 460 377 4504'),(132,166,'+55 286 906 0565'),(133,23,'+46 662 106 5072'),(134,277,'+53 872 135 0104'),(135,287,'+351 137 633 7726'),(136,347,'+1 938 722 9923'),(137,113,'+86 659 683 4478'),(138,377,'+291 669 805 3412'),(139,142,'+95 377 598 3857'),(140,119,'+961 385 785 9597'),(141,233,'+86 808 115 6086'),(142,335,'+86 732 162 0179'),(143,255,'+229 425 395 9913'),(144,213,'+86 908 534 8945'),(145,309,'+62 532 374 6729'),(146,62,'+62 221 859 3706'),(147,90,'+86 968 185 8041'),(148,268,'+62 534 218 5162'),(149,214,'+46 125 695 9857'),(150,12,'+47 168 327 2299'),(151,441,'+86 563 527 4458'),(152,259,'+380 133 229 3604'),(153,46,'+30 879 154 8530'),(154,414,'+48 443 621 4246'),(155,162,'+62 186 364 6386'),(156,487,'+52 998 851 3187'),(157,69,'+51 803 494 2408'),(158,416,'+86 290 949 8932'),(159,354,'+265 382 329 1558'),(160,397,'+352 681 823 5527'),(161,464,'+351 773 483 6616'),(162,163,'+63 909 714 8391'),(163,340,'+86 873 573 1358'),(164,141,'+372 694 251 2881'),(165,204,'+55 686 965 7348'),(166,115,'+86 877 653 9562'),(167,458,'+1 661 371 2495'),(168,412,'+86 566 279 9440'),(169,282,'+33 853 320 1407'),(170,477,'+48 468 722 7028'),(171,479,'+62 652 584 8670'),(172,15,'+420 893 197 2328'),(173,211,'+994 400 526 1398'),(174,418,'+380 521 165 4153'),(175,114,'+86 727 958 1433'),(176,401,'+351 403 537 9263'),(177,334,'+86 121 772 3334'),(178,71,'+46 529 871 9538'),(179,177,'+62 677 664 3944'),(180,264,'+371 155 460 6200'),(181,322,'+82 381 666 7856'),(182,276,'+52 358 835 0242'),(183,255,'+86 850 524 3437'),(184,450,'+7 393 672 1747'),(185,238,'+51 475 401 4495'),(186,149,'+591 827 443 7561'),(187,350,'+92 228 778 8839'),(188,44,'+1 717 571 5227'),(189,454,'+973 338 795 0862'),(190,54,'+86 835 451 4349'),(191,483,'+47 210 608 2904'),(192,435,'+234 992 230 9016'),(193,74,'+265 852 478 7607'),(194,4,'+86 135 304 6257'),(195,403,'+46 424 968 0609'),(196,95,'+387 293 628 5455'),(197,77,'+86 404 944 9409'),(198,409,'+63 114 250 6599'),(199,158,'+1 507 190 1035'),(200,283,'+98 697 433 7179'),(201,477,'+30 536 310 8848'),(202,102,'+52 163 103 2751'),(203,310,'+351 979 503 5297'),(204,342,'+94 930 506 2136'),(205,175,'+7 821 763 4342'),(206,15,'+86 413 843 7286'),(207,55,'+54 906 516 5665'),(208,189,'+356 473 327 4830'),(209,241,'+381 657 721 6967'),(210,476,'+93 767 923 3376'),(211,139,'+86 458 620 2465'),(212,154,'+63 439 667 0842'),(213,94,'+55 256 186 0995'),(214,377,'+7 414 710 3238'),(215,181,'+48 128 771 3557'),(216,93,'+380 362 152 5767'),(217,464,'+7 449 957 5798'),(218,105,'+46 261 744 3622'),(219,341,'+351 695 605 1049'),(220,301,'+86 622 205 8079'),(221,249,'+420 392 431 2817'),(222,463,'+234 480 822 3208'),(223,166,'+380 410 579 7413'),(224,343,'+86 233 551 3124'),(225,350,'+62 517 854 4206'),(226,115,'+1 405 131 7773'),(227,178,'+1 301 423 0216'),(228,222,'+66 441 908 6845'),(229,145,'+62 372 975 9217'),(230,199,'+47 503 651 8506'),(231,279,'+48 282 873 1083'),(232,366,'+86 538 382 5282'),(233,83,'+33 357 963 6539'),(234,80,'+46 701 517 5487'),(235,432,'+1 815 491 1659'),(236,424,'+86 376 720 0984'),(237,31,'+380 593 469 8623'),(238,61,'+30 788 967 8367'),(239,32,'+7 572 868 0384'),(240,8,'+86 101 984 8791'),(241,131,'+31 596 906 3594'),(242,91,'+55 267 461 0552'),(243,434,'+7 405 792 4619'),(244,266,'+254 536 323 2311'),(245,182,'+60 929 453 6832'),(246,343,'+52 897 496 6831'),(247,443,'+232 167 247 1463'),(248,291,'+86 198 755 9700'),(249,45,'+62 232 314 2912'),(250,303,'+46 998 912 8664'),(251,269,'+81 673 294 2344'),(252,44,'+52 865 860 6589'),(253,219,'+55 313 141 9879'),(254,78,'+383 333 420 0948'),(255,454,'+33 797 106 1449'),(256,152,'+86 957 928 8379'),(257,442,'+86 848 366 0626'),(258,147,'+62 561 244 4614'),(259,154,'+30 719 381 0316'),(260,67,'+504 480 367 3419'),(261,471,'+967 100 249 1788'),(262,157,'+351 327 141 1501'),(263,375,'+502 937 240 8829'),(264,77,'+351 825 710 9317'),(265,427,'+82 939 654 2422'),(266,448,'+86 142 324 5224'),(267,474,'+506 914 604 1388'),(268,382,'+58 800 146 0585'),(269,114,'+249 740 969 0117'),(270,7,'+351 536 894 8445'),(271,359,'+86 262 505 0009'),(272,320,'+850 542 813 6539'),(273,276,'+86 706 373 0019'),(274,431,'+33 200 791 4382'),(275,464,'+7 609 877 8695'),(276,269,'+7 949 145 9202'),(277,391,'+63 916 315 7376'),(278,164,'+353 934 884 1124'),(279,47,'+591 795 230 9154'),(280,78,'+1 917 198 5073'),(281,39,'+86 751 883 4366'),(282,402,'+1 814 254 9977'),(283,305,'+1 113 366 2553'),(284,283,'+1 520 931 5061'),(285,305,'+48 614 138 3664'),(286,16,'+48 134 840 5281'),(287,45,'+62 439 113 2466'),(288,128,'+46 888 920 2286'),(289,400,'+44 462 169 4923'),(290,480,'+232 514 444 4428'),(291,225,'+33 492 209 0895'),(292,325,'+55 208 852 8920'),(293,274,'+1 917 726 6860'),(294,204,'+86 772 460 5478'),(295,141,'+20 189 816 7487'),(296,413,'+62 688 588 2754'),(297,298,'+33 148 503 0121'),(298,401,'+7 549 712 8317'),(299,200,'+60 956 467 8240'),(300,130,'+48 290 897 8959'),(301,155,'+86 509 118 5775'),(302,191,'+420 752 650 2040'),(303,123,'+60 299 489 4343'),(304,90,'+62 106 173 5180'),(305,53,'+1 971 900 9122'),(306,368,'+1 614 622 6573'),(307,447,'+86 121 291 8609'),(308,79,'+1 469 774 7228'),(309,137,'+54 549 442 7567'),(310,421,'+86 892 584 7001'),(311,93,'+970 442 185 4522'),(312,172,'+86 210 508 3354'),(313,465,'+63 189 114 2678'),(314,43,'+52 798 178 1672'),(315,391,'+46 400 582 2755'),(316,25,'+86 544 579 8925'),(317,155,'+54 223 894 7583'),(318,67,'+353 596 912 1825'),(319,334,'+81 198 430 9261'),(320,213,'+7 653 508 3866'),(321,145,'+63 395 636 2383'),(322,122,'+86 963 385 6438'),(323,273,'+374 235 320 0756'),(324,8,'+95 103 960 6015'),(325,192,'+63 132 766 9568'),(326,256,'+383 552 334 9123'),(327,125,'+56 567 328 9014'),(328,267,'+56 309 202 6438'),(329,50,'+46 755 133 9879'),(330,327,'+86 540 761 7304'),(331,106,'+86 567 400 1703'),(332,65,'+66 945 125 2663'),(333,345,'+86 156 979 0075'),(334,4,'+81 954 395 2656'),(335,388,'+994 666 423 9470'),(336,224,'+370 529 383 2024'),(337,210,'+63 176 328 0805'),(338,129,'+46 425 907 5113'),(339,187,'+241 426 634 5750'),(340,66,'+7 590 131 1950'),(341,448,'+66 954 930 4224'),(342,475,'+36 647 764 4253'),(343,128,'+7 669 654 2998'),(344,410,'+63 284 476 4605'),(345,22,'+55 782 480 5358'),(346,59,'+30 554 700 5537'),(347,132,'+230 635 714 2139'),(348,310,'+229 844 799 2135'),(349,378,'+55 101 451 3341'),(350,236,'+55 344 647 9692'),(351,478,'+86 781 276 8691'),(352,287,'+7 128 259 1495'),(353,86,'+507 822 652 4870'),(354,477,'+62 958 756 7894'),(355,261,'+86 518 349 8830'),(356,321,'+86 659 232 4258'),(357,377,'+358 374 369 9274'),(358,275,'+269 367 366 7828'),(359,307,'+7 963 628 2244'),(360,255,'+86 637 393 7296'),(361,239,'+62 881 225 6428'),(362,287,'+33 771 577 7599'),(363,480,'+54 251 477 2368'),(364,411,'+420 173 249 6992'),(365,152,'+55 842 241 1563'),(366,380,'+62 909 515 8281'),(367,214,'+62 614 436 7032'),(368,18,'+249 506 604 0941'),(369,25,'+53 165 443 2892'),(370,336,'+212 507 788 7013'),(371,203,'+62 956 180 6971'),(372,369,'+46 688 408 2696'),(373,50,'+55 274 186 3514'),(374,24,'+30 296 586 5607'),(375,404,'+86 557 299 0127'),(376,156,'+212 461 304 4076'),(377,405,'+7 555 881 7772'),(378,201,'+965 664 187 1116'),(379,484,'+27 594 732 2450'),(380,230,'+33 333 575 4875'),(381,339,'+996 487 650 3095'),(382,483,'+62 361 893 0204'),(383,449,'+7 433 212 6959'),(384,170,'+242 573 445 7718'),(385,173,'+86 239 160 7147'),(386,306,'+389 459 234 3127'),(387,140,'+370 886 162 9453'),(388,295,'+86 342 465 6801'),(389,452,'+995 878 481 7825'),(390,64,'+86 311 543 9879'),(391,223,'+33 218 261 6399'),(392,140,'+62 635 870 9302'),(393,244,'+86 872 786 5916'),(394,441,'+51 185 279 4849'),(395,333,'+62 939 359 0797'),(396,249,'+62 802 247 1749'),(397,118,'+86 985 576 0470'),(398,193,'+994 151 336 8943'),(399,482,'+62 283 480 7130'),(400,379,'+420 966 138 5371'),(401,261,'+47 741 274 2745'),(402,400,'+356 141 464 5443'),(403,273,'+86 551 901 9469'),(404,317,'+357 732 660 1530'),(405,7,'+86 565 430 4878'),(406,254,'+86 114 663 2174'),(407,367,'+420 366 598 4774'),(408,457,'+81 459 652 8065'),(409,328,'+351 397 631 4784'),(410,147,'+86 154 929 4764'),(411,57,'+82 454 891 7865'),(412,449,'+63 620 514 7713'),(413,153,'+62 973 616 6998'),(414,103,'+62 315 639 3667'),(415,332,'+380 313 731 7690'),(416,123,'+7 635 999 4363'),(417,285,'+62 704 661 1883'),(418,211,'+45 634 731 0696'),(419,329,'+62 404 927 6411'),(420,188,'+55 331 238 3408'),(421,232,'+239 998 667 8403'),(422,104,'+86 794 252 6117'),(423,340,'+55 464 805 8178'),(424,314,'+62 235 962 5389'),(425,114,'+30 695 972 7906'),(426,486,'+351 593 274 0666'),(427,361,'+30 754 722 9310'),(428,5,'+63 851 734 8574'),(429,113,'+48 282 990 9550'),(430,26,'+62 622 440 0962'),(431,438,'+62 943 437 0584'),(432,330,'+1 918 367 4906'),(433,277,'+55 978 683 2231'),(434,426,'+48 196 611 5832'),(435,344,'+62 114 432 0579'),(436,431,'+63 564 832 9771'),(437,284,'+30 297 875 3609'),(438,3,'+255 473 736 7087'),(439,155,'+98 358 605 2393'),(440,426,'+63 583 714 5990'),(441,179,'+353 481 677 8263'),(442,296,'+255 737 944 6644'),(443,94,'+86 727 726 0227'),(444,62,'+62 454 166 6501'),(445,381,'+55 203 429 9549'),(446,201,'+420 720 644 2146'),(447,132,'+63 978 717 8958'),(448,41,'+502 384 141 7996'),(449,413,'+86 363 283 7757'),(450,388,'+62 237 166 4262'),(451,165,'+685 256 460 1564'),(452,145,'+48 771 301 9329'),(453,260,'+380 203 557 4596'),(454,445,'+62 851 208 0999'),(455,113,'+51 362 779 5615'),(456,96,'+86 411 889 2486'),(457,18,'+86 924 723 5308'),(458,37,'+48 875 752 7519'),(459,29,'+33 263 853 6538'),(460,148,'+51 836 526 1414'),(461,227,'+598 994 545 3912'),(462,275,'+51 967 244 9800'),(463,333,'+62 162 503 0749'),(464,365,'+62 972 480 9600'),(465,300,'+62 882 514 3088'),(466,377,'+62 207 993 8960'),(467,56,'+7 771 250 7622'),(468,362,'+20 852 295 0609'),(469,165,'+86 891 432 5825'),(470,317,'+66 233 105 4327'),(471,423,'+63 560 983 1166'),(472,3,'+93 149 289 8608'),(473,155,'+86 135 137 1627'),(474,413,'+46 619 672 3101'),(475,393,'+55 251 719 3646'),(476,264,'+86 259 963 4986'),(477,308,'+996 102 351 5257'),(478,56,'+212 273 129 7739'),(479,175,'+63 244 527 3899'),(480,141,'+62 821 675 1412'),(481,178,'+98 839 463 2999'),(482,127,'+86 309 862 6125'),(483,2,'+62 661 707 5210'),(484,483,'+252 254 456 5680'),(485,278,'+62 769 639 1456'),(486,475,'+66 858 301 4981'),(487,398,'+504 618 459 2928');
/*!40000 ALTER TABLE `phonenumbers` ENABLE KEYS */;
UNLOCK TABLES;

--
-- Table structure for table `plans`
--

DROP TABLE IF EXISTS `plans`;
/*!40101 SET @saved_cs_client     = @@character_set_client */;
/*!50503 SET character_set_client = utf8mb4 */;
CREATE TABLE `plans` (
  `PlanID` int NOT NULL AUTO_INCREMENT,
  `ProgramName` varchar(50) NOT NULL,
  `ChargePerMin` int NOT NULL,
  `ChargePerMB` int NOT NULL,
  `ChargePerSMS` int NOT NULL,
  `MinutesToTalk` int NOT NULL,
  `MBtoSpend` int NOT NULL,
  `smsToSpend` int NOT NULL,
  PRIMARY KEY (`PlanID`)
) ENGINE=InnoDB AUTO_INCREMENT=10 DEFAULT CHARSET=utf8mb4 COLLATE=utf8mb4_0900_ai_ci;
/*!40101 SET character_set_client = @saved_cs_client */;

--
-- Dumping data for table `plans`
--

LOCK TABLES `plans` WRITE;
/*!40000 ALTER TABLE `plans` DISABLE KEYS */;
INSERT INTO `plans` VALUES (1,'1500 mb 1500 minutes',1,1,0,1500,1500,0),(2,'500 mb 500 minutes 500 sms',2,1,1,500,500,500),(3,'500 mb',0,1,0,0,500,0),(4,'800 minutes 800 sms',2,0,1,800,0,800),(5,'2 GB',0,2,0,0,2000,0),(7,'weqqweewqqweeqw',1,1,1,100,500,500),(8,'ewqewq',1,1,1,200,600,500),(9,'ewqweq',1,1,1,321,23132,321312);
/*!40000 ALTER TABLE `plans` ENABLE KEYS */;
UNLOCK TABLES;

--
-- Table structure for table `sellers`
--

DROP TABLE IF EXISTS `sellers`;
/*!40101 SET @saved_cs_client     = @@character_set_client */;
/*!50503 SET character_set_client = utf8mb4 */;
CREATE TABLE `sellers` (
  `SellerID` int NOT NULL AUTO_INCREMENT,
  `FirstName` varchar(50) NOT NULL,
  `LastName` varchar(50) NOT NULL,
  `JoinedWhen` datetime DEFAULT NULL,
  `UserID` int NOT NULL,
  PRIMARY KEY (`SellerID`),
  KEY `Sellers_fk0` (`UserID`),
  CONSTRAINT `Sellers_fk0` FOREIGN KEY (`UserID`) REFERENCES `users` (`UserID`)
) ENGINE=InnoDB AUTO_INCREMENT=20 DEFAULT CHARSET=utf8mb4 COLLATE=utf8mb4_0900_ai_ci;
/*!40101 SET character_set_client = @saved_cs_client */;

--
-- Dumping data for table `sellers`
--

LOCK TABLES `sellers` WRITE;
/*!40000 ALTER TABLE `sellers` DISABLE KEYS */;
INSERT INTO `sellers` VALUES (1,'Filmore','Wynett','2012-03-10 22:23:08',488),(2,'Harold','Pullin','1999-09-06 02:40:16',489),(3,'Thayne','Dunguy','2016-07-28 00:08:03',490),(4,'Lanna','Vigurs','2010-07-01 01:20:14',491),(5,'Osbourne','Jedrychowski','2001-08-11 18:09:25',492),(6,'Paton','Harewood','2005-07-08 02:43:58',493),(7,'Izaak','Knapton','2008-07-04 11:38:01',494),(8,'Deane','Currington','2004-06-16 23:36:08',495),(9,'Pepita','Beakes','2004-10-17 20:52:29',496),(10,'Nikolas','O\' Finan','2015-01-04 04:40:04',497),(11,'sampleFname','sampleLname',NULL,501);
/*!40000 ALTER TABLE `sellers` ENABLE KEYS */;
UNLOCK TABLES;

--
-- Table structure for table `smssent`
--

DROP TABLE IF EXISTS `smssent`;
/*!40101 SET @saved_cs_client     = @@character_set_client */;
/*!50503 SET character_set_client = utf8mb4 */;
CREATE TABLE `smssent` (
  `SmsID` int NOT NULL AUTO_INCREMENT,
  `CustomerID` int NOT NULL,
  `howMany` int NOT NULL,
  `fromWhere` varchar(255) DEFAULT NULL,
  `ToWhere` varchar(255) DEFAULT NULL,
  `sentWhen` datetime DEFAULT NULL,
  PRIMARY KEY (`SmsID`),
  KEY `smsSent_fk0` (`CustomerID`),
  CONSTRAINT `smsSent_fk0` FOREIGN KEY (`CustomerID`) REFERENCES `customers` (`CustomerID`)
) ENGINE=InnoDB AUTO_INCREMENT=103 DEFAULT CHARSET=utf8mb4 COLLATE=utf8mb4_0900_ai_ci;
/*!40101 SET character_set_client = @saved_cs_client */;

--
-- Dumping data for table `smssent`
--

LOCK TABLES `smssent` WRITE;
/*!40000 ALTER TABLE `smssent` DISABLE KEYS */;
INSERT INTO `smssent` VALUES (1,213,231,'+81 167 127 0837','+86 435 513 9909','2020-04-11 11:41:59'),(2,252,114,'+7 838 231 3156','+33 185 826 8453','2020-04-15 04:17:43'),(3,8,44,'+7 876 681 6010','+98 309 641 4084','2020-05-02 16:40:35'),(4,215,179,'+86 231 823 1724','+63 376 420 8790','2020-04-29 02:05:33'),(5,317,148,'+52 181 552 6750','+351 144 589 8897','2020-04-23 17:45:49'),(6,361,155,'+382 585 231 0482','+420 527 961 1585','2020-05-03 15:14:15'),(7,79,183,'+86 946 716 8967','+63 754 460 7171','2020-04-26 01:11:03'),(8,222,107,'+62 525 813 2262','+86 859 682 8933','2020-05-01 18:13:56'),(9,126,79,'+81 691 957 8132','+351 842 274 5664','2020-04-10 14:59:38'),(10,263,135,'+64 295 772 4219','+46 974 822 8238','2020-04-24 23:24:31'),(11,280,106,'+20 918 609 3538','+93 933 313 4534','2020-04-29 13:58:32'),(12,229,5,'+380 761 638 7593','+86 330 630 0833','2020-05-05 00:19:21'),(13,258,233,'+86 390 565 4033','+86 774 382 1036','2020-05-13 16:37:58'),(14,427,6,'+52 787 967 7904','+62 570 272 8737','2020-04-08 11:05:53'),(15,349,195,'+55 713 379 4934','+62 845 780 5821','2020-05-10 08:21:14'),(16,470,64,'+62 507 804 3267','+7 673 794 5316','2020-05-13 00:12:59'),(17,457,18,'+7 985 770 2755','+66 124 495 6185','2020-05-03 19:32:44'),(18,130,138,'+33 793 166 0318','+262 944 802 3479','2020-05-11 10:53:05'),(19,242,3,'+976 943 762 5997','+62 670 394 2124','2020-05-14 07:07:45'),(20,82,182,'+371 748 624 4342','+62 171 125 9946','2020-04-12 11:27:40'),(21,393,235,'+86 698 334 0109','+30 508 732 2466','2020-05-03 13:37:52'),(22,467,74,'+63 634 282 2126','+7 359 185 7508','2020-04-09 23:17:42'),(23,196,78,'+86 637 673 9718','+7 989 428 9769','2020-05-01 07:02:32'),(24,327,4,'+351 858 731 4754','+62 822 512 6406','2020-04-04 06:24:00'),(25,29,107,'+374 290 332 1900','+351 568 645 7452','2020-05-16 20:06:50'),(26,399,263,'+55 811 655 3581','+7 638 327 4083','2020-04-19 21:41:09'),(27,259,70,'+55 529 632 9257','+46 452 590 8686','2020-05-15 04:42:12'),(28,333,212,'+62 801 883 8224','+389 487 938 3313','2020-04-13 11:34:37'),(29,477,230,'+380 956 560 1462','+7 971 533 2985','2020-04-30 10:32:28'),(30,384,177,'+48 528 792 3641','+420 918 857 6899','2020-04-20 19:27:53'),(31,210,57,'+62 602 712 9165','+249 988 524 6866','2020-05-14 05:03:40'),(32,70,8,'+31 418 700 1194','+81 852 936 9510','2020-04-24 12:17:07'),(33,109,34,'+86 547 478 8241','+62 450 190 9585','2020-04-27 07:18:59'),(34,238,23,'+63 824 540 3175','+81 189 890 0104','2020-05-05 14:30:06'),(35,111,281,'+54 687 560 6850','+7 695 563 4913','2020-04-23 12:26:41'),(36,283,29,'+62 828 317 9742','+237 510 322 1514','2020-04-09 02:02:23'),(37,241,196,'+234 656 525 2976','+84 958 617 1016','2020-05-04 06:21:43'),(38,199,68,'+62 319 453 8251','+62 439 276 9232','2020-04-11 13:42:39'),(39,55,8,'+84 384 505 5166','+1 712 380 6076','2020-04-25 03:11:47'),(40,388,211,'+7 886 725 5369','+1 895 943 3302','2020-04-22 08:40:27'),(41,184,186,'+58 249 427 5163','+86 469 608 9810','2020-04-12 02:32:06'),(42,293,129,'+86 468 240 8034','+63 831 856 5875','2020-05-02 20:15:40'),(43,38,235,'+63 801 923 5682','+62 580 364 0636','2020-04-12 01:48:07'),(44,456,82,'+216 731 572 1519','+86 696 707 7401','2020-05-02 22:25:29'),(45,257,174,'+63 751 959 7395','+86 337 605 8924','2020-04-25 07:03:01'),(46,432,178,'+48 802 555 5447','+7 950 219 8240','2020-04-14 02:39:57'),(47,435,50,'+86 330 206 6986','+591 541 144 2036','2020-04-09 06:48:37'),(48,279,140,'+86 548 839 6878','+54 752 135 6237','2020-04-03 04:00:26'),(49,213,183,'+374 372 812 8650','+86 823 452 5261','2020-05-12 08:02:04'),(50,277,11,'+63 761 947 5603','+86 676 912 3689','2020-04-02 15:36:45'),(51,39,102,'+63 519 133 8826','+351 811 816 6125','2020-05-12 10:40:52'),(52,256,181,'+46 206 845 2317','+86 566 673 2819','2020-04-15 06:43:46'),(53,216,98,'+55 830 640 3275','+62 348 587 6804','2020-04-04 19:20:16'),(54,5,110,'+55 397 554 1192','+34 566 575 4346','2020-05-08 09:12:27'),(55,246,198,'+86 136 532 1576','+62 753 865 2568','2020-04-28 08:05:41'),(56,171,99,'+691 391 593 8912','+66 415 986 1788','2020-04-21 01:19:42'),(57,405,114,'+62 417 238 7392','+86 123 900 0646','2020-05-13 23:58:16'),(58,138,251,'+20 921 326 2749','+62 814 973 9743','2020-04-28 07:55:35'),(59,353,202,'+386 856 300 2800','+55 235 572 8789','2020-05-01 13:01:07'),(60,93,48,'+55 724 247 0408','+93 428 448 6658','2020-05-15 14:11:36'),(61,161,200,'+234 203 257 4881','+218 464 109 8403','2020-04-15 16:32:40'),(62,281,237,'+351 582 317 6744','+62 702 535 6771','2020-04-28 02:33:29'),(63,144,179,'+225 506 274 7940','+385 326 575 5254','2020-04-26 12:40:30'),(64,31,187,'+7 586 218 0802','+62 704 184 5255','2020-05-17 22:36:32'),(65,3,140,'+7 396 138 0771','+970 284 516 6635','2020-05-15 07:48:14'),(66,255,187,'+86 913 756 8059','+504 301 915 8076','2020-04-10 06:08:17'),(67,288,13,'+62 388 471 6723','+86 445 779 1771','2020-04-09 19:55:09'),(68,329,198,'+355 127 358 0944','+269 139 145 3912','2020-04-28 00:20:17'),(69,62,289,'+84 406 415 1359','+56 268 530 7883','2020-04-29 02:59:52'),(70,415,181,'+7 372 861 6694','+374 872 343 2065','2020-05-11 12:34:48'),(71,140,161,'+30 826 238 9285','+33 246 325 9983','2020-05-08 15:36:06'),(72,241,68,'+93 223 452 1854','+380 761 842 5671','2020-04-07 03:28:32'),(73,471,223,'+62 402 563 6315','+86 315 322 9950','2020-04-05 15:53:58'),(74,133,263,'+86 203 608 6999','+228 836 583 0700','2020-04-10 03:50:45'),(75,413,42,'+967 866 186 0127','+1 615 697 3405','2020-04-15 00:54:45'),(76,326,149,'+351 680 829 4022','+598 594 805 9233','2020-04-26 09:37:18'),(77,359,200,'+351 265 201 2117','+86 526 323 7577','2020-04-15 20:25:18'),(78,130,244,'+63 633 866 7743','+381 594 907 4296','2020-04-05 11:54:51'),(79,471,280,'+63 389 391 2501','+376 371 193 7548','2020-04-22 20:44:17'),(80,117,123,'+63 987 781 9937','+62 932 305 8317','2020-05-08 04:20:35'),(81,452,85,'+7 400 451 5026','+31 904 765 1553','2020-05-08 07:28:22'),(82,30,106,'+86 577 362 5730','+269 962 788 4729','2020-04-16 07:35:29'),(83,182,209,'+62 182 709 7096','+1 795 707 1737','2020-04-20 09:50:18'),(84,353,284,'+86 320 178 8529','+33 943 541 7443','2020-04-29 14:17:24'),(85,359,195,'+507 285 387 9889','+48 140 296 3161','2020-05-08 12:52:40'),(86,191,122,'+1 913 476 5885','+31 839 132 0192','2020-04-19 22:43:42'),(87,450,38,'+1 763 666 1326','+86 967 121 7377','2020-05-01 09:23:26'),(88,49,172,'+507 931 405 0310','+62 570 132 4457','2020-04-06 10:15:05'),(89,227,124,'+57 990 115 0634','+62 581 451 1348','2020-04-21 09:28:56'),(90,363,127,'+86 854 956 7273','+48 759 295 9164','2020-04-23 06:36:59'),(91,247,131,'+62 581 693 5386','+86 258 777 4802','2020-05-07 20:39:29'),(92,399,187,'+420 831 134 3963','+267 165 256 7462','2020-05-10 22:58:51'),(93,367,80,'+33 625 479 6910','+227 907 965 4849','2020-04-11 00:31:03'),(94,389,220,'+48 381 328 5200','+86 288 668 7879','2020-04-05 06:41:05'),(95,450,142,'+358 428 611 5256','+1 731 213 1760','2020-04-02 15:11:25'),(96,278,245,'+48 118 596 8519','+358 302 693 9761','2020-04-14 18:04:35'),(97,481,227,'+359 765 522 3708','+51 732 118 6603','2020-04-17 06:30:33'),(98,67,260,'+62 306 316 0663','+260 833 219 1752','2020-04-16 21:22:27'),(99,132,184,'+62 302 918 0067','+86 770 562 1562','2020-04-03 08:18:03'),(100,430,8,'+86 924 875 9882','+55 650 141 3901','2020-05-06 12:36:16'),(101,490,50,NULL,NULL,NULL),(102,489,50,NULL,NULL,NULL);
/*!40000 ALTER TABLE `smssent` ENABLE KEYS */;
UNLOCK TABLES;

--
-- Table structure for table `soldplans`
--

DROP TABLE IF EXISTS `soldplans`;
/*!40101 SET @saved_cs_client     = @@character_set_client */;
/*!50503 SET character_set_client = utf8mb4 */;
CREATE TABLE `soldplans` (
  `SoldPlansID` int NOT NULL AUTO_INCREMENT,
  `PlanID` int NOT NULL,
  `CustomerID` int NOT NULL,
  `SellerID` int NOT NULL,
  `SoldWhen` datetime DEFAULT NULL,
  PRIMARY KEY (`SoldPlansID`),
  KEY `SoldPlans_fk0` (`PlanID`),
  KEY `SoldPlans_fk1` (`CustomerID`),
  KEY `SoldPlans_fk2` (`SellerID`),
  CONSTRAINT `SoldPlans_fk0` FOREIGN KEY (`PlanID`) REFERENCES `plans` (`PlanID`),
  CONSTRAINT `SoldPlans_fk1` FOREIGN KEY (`CustomerID`) REFERENCES `customers` (`CustomerID`),
  CONSTRAINT `SoldPlans_fk2` FOREIGN KEY (`SellerID`) REFERENCES `sellers` (`SellerID`)
) ENGINE=InnoDB AUTO_INCREMENT=163 DEFAULT CHARSET=utf8mb4 COLLATE=utf8mb4_0900_ai_ci;
/*!40101 SET character_set_client = @saved_cs_client */;

--
-- Dumping data for table `soldplans`
--

LOCK TABLES `soldplans` WRITE;
/*!40000 ALTER TABLE `soldplans` DISABLE KEYS */;
INSERT INTO `soldplans` VALUES (1,4,339,2,'2020-01-07 03:42:37'),(2,1,326,9,'2019-06-23 00:04:58'),(3,1,347,1,'2018-02-19 10:50:45'),(4,1,84,9,'2019-01-24 04:46:02'),(5,4,269,1,'2019-08-03 16:50:02'),(6,1,37,8,'2018-12-08 10:58:16'),(7,1,45,1,'2018-06-29 02:47:21'),(8,2,247,3,'2017-10-17 03:56:40'),(9,5,350,4,'2017-08-21 16:24:06'),(10,2,442,9,'2019-05-07 11:35:37'),(11,2,430,9,'2017-02-25 12:24:48'),(12,3,409,6,'2019-05-20 17:56:49'),(13,1,367,9,'2020-04-17 01:05:35'),(14,5,278,4,'2019-08-06 11:53:55'),(15,2,190,3,'2017-08-15 00:23:51'),(16,3,360,3,'2019-06-24 06:29:14'),(17,5,304,1,'2019-12-13 18:41:04'),(18,2,252,5,'2017-02-15 09:57:05'),(19,3,81,6,'2017-06-12 22:06:14'),(20,5,409,5,'2019-05-19 10:09:48'),(21,3,217,8,'2018-03-02 01:16:03'),(22,1,418,5,'2020-02-14 21:37:30'),(23,5,427,9,'2019-07-04 04:16:58'),(24,3,205,10,'2017-07-24 10:46:31'),(25,4,225,9,'2018-07-29 04:09:23'),(26,5,143,3,'2019-05-07 05:58:39'),(27,5,178,4,'2019-01-29 10:15:21'),(28,3,218,4,'2018-12-03 15:23:16'),(29,4,327,3,'2019-04-13 18:27:48'),(30,5,383,4,'2017-09-26 02:45:01'),(31,3,374,7,'2017-11-01 17:14:48'),(32,4,421,4,'2016-10-17 19:22:38'),(33,4,440,10,'2017-07-02 00:12:48'),(34,2,464,3,'2016-09-10 04:34:19'),(35,4,39,10,'2017-01-06 01:35:27'),(36,2,23,10,'2020-01-06 15:00:42'),(37,3,425,7,'2020-05-04 08:45:31'),(38,3,110,7,'2019-01-10 04:08:46'),(39,5,263,1,'2017-12-26 00:54:21'),(40,4,73,10,'2019-03-01 18:55:50'),(41,3,14,10,'2019-02-10 14:19:30'),(42,4,109,9,'2017-08-24 23:28:42'),(43,3,166,8,'2018-02-15 08:55:17'),(44,4,88,2,'2019-07-29 14:39:17'),(45,3,23,1,'2019-01-03 21:15:06'),(46,5,213,8,'2017-11-26 12:00:47'),(47,2,92,1,'2019-09-11 12:11:37'),(48,2,359,5,'2019-10-24 04:16:09'),(49,4,128,5,'2018-11-03 18:43:30'),(50,3,348,7,'2017-02-14 04:48:44'),(51,1,218,1,'2017-12-20 11:42:47'),(52,1,183,10,'2017-12-10 12:19:39'),(53,4,256,6,'2019-02-24 00:43:00'),(54,5,222,4,'2017-09-20 01:25:44'),(55,1,480,5,'2017-03-24 06:58:45'),(56,3,183,2,'2018-10-16 09:18:41'),(57,5,474,7,'2016-07-26 02:56:30'),(58,5,266,6,'2019-05-10 18:39:06'),(59,3,379,8,'2020-03-13 18:44:16'),(60,1,248,1,'2017-12-21 13:50:10'),(61,3,105,9,'2018-05-12 11:43:58'),(62,5,334,8,'2020-05-24 16:13:52'),(63,4,138,5,'2016-10-22 22:49:28'),(64,4,227,10,'2018-08-10 23:45:21'),(65,5,297,3,'2017-08-01 23:52:37'),(66,1,37,4,'2018-09-04 07:23:25'),(67,3,221,3,'2019-10-14 17:34:47'),(68,1,213,8,'2018-08-03 01:52:36'),(69,3,273,5,'2018-04-16 16:30:49'),(70,5,367,10,'2017-06-24 04:51:55'),(71,5,8,5,'2018-09-03 07:13:56'),(72,4,300,9,'2018-03-09 13:01:20'),(73,1,244,8,'2019-05-19 21:26:47'),(74,3,78,7,'2019-11-22 16:35:30'),(75,2,203,1,'2018-10-25 00:19:02'),(76,2,298,3,'2017-08-03 13:46:17'),(77,1,167,6,'2019-05-08 22:21:35'),(78,3,144,6,'2019-06-14 03:03:47'),(79,5,289,10,'2017-11-07 14:47:54'),(80,1,286,4,'2017-06-18 09:00:37'),(81,5,338,2,'2016-08-20 11:16:37'),(82,3,259,10,'2016-11-11 16:01:10'),(83,5,262,1,'2019-11-22 10:18:40'),(84,5,422,8,'2018-10-31 23:04:31'),(85,1,385,6,'2017-03-19 15:46:17'),(86,1,366,2,'2020-02-28 13:54:04'),(87,5,156,6,'2020-02-17 12:39:37'),(88,2,21,4,'2017-02-22 10:21:02'),(89,1,45,9,'2018-11-07 19:25:17'),(90,5,454,9,'2019-10-13 19:14:35'),(91,3,184,6,'2018-11-16 11:46:29'),(92,4,428,5,'2019-01-17 13:07:30'),(93,5,108,4,'2016-07-21 00:45:58'),(94,5,172,4,'2019-07-21 22:51:34'),(95,4,41,10,'2020-01-30 14:14:01'),(96,3,319,5,'2016-09-06 20:49:09'),(97,5,267,3,'2018-06-25 05:08:53'),(98,3,126,8,'2017-08-10 21:26:03'),(99,2,217,7,'2019-01-31 22:15:40'),(100,4,353,1,'2016-12-21 03:27:52'),(101,2,220,6,'2020-02-25 21:30:08'),(102,2,299,7,'2018-11-11 13:11:24'),(103,2,212,8,'2019-03-28 17:26:39'),(104,2,355,6,'2018-12-17 22:41:58'),(105,2,273,6,'2019-01-30 00:05:15'),(106,5,465,5,'2018-04-16 17:30:06'),(107,1,144,8,'2016-08-02 08:45:42'),(108,2,385,5,'2017-03-26 14:51:26'),(109,3,152,8,'2017-01-29 04:32:54'),(110,2,331,4,'2017-05-20 18:46:55'),(111,2,372,3,'2020-02-05 07:18:51'),(112,4,83,7,'2017-01-20 01:32:44'),(113,5,144,6,'2019-02-16 10:43:46'),(114,2,206,3,'2017-03-05 19:42:04'),(115,5,328,9,'2018-01-14 01:24:03'),(116,2,131,6,'2017-02-26 22:08:48'),(117,1,92,10,'2018-11-13 20:54:08'),(118,3,33,3,'2018-06-13 04:38:14'),(119,5,58,6,'2019-09-24 14:46:34'),(120,5,308,8,'2020-03-08 19:46:41'),(121,3,407,2,'2017-10-06 07:52:20'),(122,5,318,7,'2019-08-17 10:24:22'),(123,3,405,10,'2020-04-05 01:17:58'),(124,4,241,5,'2018-11-23 15:54:35'),(125,4,71,9,'2018-06-23 16:01:46'),(126,5,245,9,'2017-11-09 08:03:18'),(127,3,429,10,'2017-02-03 14:24:22'),(128,2,237,1,'2019-11-12 18:32:21'),(129,5,381,4,'2018-07-11 06:56:38'),(130,3,57,8,'2017-07-05 07:43:15'),(131,2,457,1,'2018-07-06 11:40:50'),(132,4,114,7,'2018-09-05 08:01:50'),(133,2,138,5,'2018-07-19 08:32:05'),(134,1,50,7,'2018-04-26 06:15:50'),(135,5,267,4,'2018-08-12 06:37:45'),(136,2,435,7,'2017-02-02 23:36:33'),(137,2,200,2,'2019-08-30 05:37:21'),(138,1,93,5,'2019-08-21 14:02:19'),(139,1,140,6,'2017-03-20 22:57:27'),(140,2,369,6,'2018-09-13 13:21:32'),(141,3,459,5,'2020-05-31 16:29:16'),(142,4,198,5,'2017-09-17 08:06:19'),(143,5,351,6,'2017-10-24 13:58:01'),(144,3,4,5,'2017-11-25 04:24:07'),(145,3,397,1,'2018-05-21 12:36:43'),(146,4,195,5,'2020-05-01 21:30:02'),(147,5,329,2,'2018-03-07 04:31:51'),(148,2,41,5,'2018-01-26 00:54:15'),(149,1,55,9,'2017-11-27 12:22:20'),(150,2,449,3,'2016-12-26 17:23:45'),(151,3,488,1,NULL),(152,1,490,1,NULL),(153,1,489,2,NULL),(156,2,493,1,NULL),(161,1,498,1,NULL),(162,1,499,1,NULL);
/*!40000 ALTER TABLE `soldplans` ENABLE KEYS */;
UNLOCK TABLES;

--
-- Table structure for table `users`
--

DROP TABLE IF EXISTS `users`;
/*!40101 SET @saved_cs_client     = @@character_set_client */;
/*!50503 SET character_set_client = utf8mb4 */;
CREATE TABLE `users` (
  `UserID` int NOT NULL AUTO_INCREMENT,
  `Username` varchar(50) NOT NULL,
  `salt` varchar(30) DEFAULT NULL,
  `salted_hash` varchar(32) DEFAULT NULL,
  `Type` varchar(20) NOT NULL,
  PRIMARY KEY (`UserID`),
  UNIQUE KEY `Username` (`Username`)
) ENGINE=InnoDB AUTO_INCREMENT=522 DEFAULT CHARSET=utf8mb4 COLLATE=utf8mb4_0900_ai_ci;
/*!40101 SET character_set_client = @saved_cs_client */;

--
-- Dumping data for table `users`
--

LOCK TABLES `users` WRITE;
/*!40000 ALTER TABLE `users` DISABLE KEYS */;
INSERT INTO `users` VALUES (1,'jrann0','[B@1b337abd','F09A3018D4121EA1B2B0F4C1BA0D89C5','Client'),(2,'tlarmuth1','[B@43126ec','2822DED9A94B8AA46B0CF134F0A3769A','Client'),(3,'mstolz2','[B@9a25a8a','5AC88A2AA8D193E75DC8CC4DC3511CFF','Client'),(4,'rgutcher3','[B@6a33800e','1890A9DF56232C43180495D64252C9AD','Client'),(5,'rgillbanks4',NULL,NULL,'Client'),(6,'sgraffham5',NULL,NULL,'Client'),(7,'jjowitt6',NULL,NULL,'Client'),(8,'tclacey7',NULL,NULL,'Client'),(9,'jblitz8',NULL,NULL,'Client'),(10,'cfurphy9',NULL,NULL,'Client'),(11,'cmilsoma',NULL,NULL,'Client'),(12,'wmarchingtonb',NULL,NULL,'Client'),(13,'gpunchardc',NULL,NULL,'Client'),(14,'ssmallmand',NULL,NULL,'Client'),(15,'ghowcrofte',NULL,NULL,'Client'),(16,'vgunbief',NULL,NULL,'Client'),(17,'osnipeg',NULL,NULL,'Client'),(18,'chubbucksh',NULL,NULL,'Client'),(19,'tfaggei',NULL,NULL,'Client'),(20,'echalderj',NULL,NULL,'Client'),(21,'ofaggek',NULL,NULL,'Client'),(22,'vbennsl',NULL,NULL,'Client'),(23,'dguillemm',NULL,NULL,'Client'),(24,'mlatheen',NULL,NULL,'Client'),(25,'rgarraltso',NULL,NULL,'Client'),(26,'zeppsp',NULL,NULL,'Client'),(27,'eshoutq',NULL,NULL,'Client'),(28,'severalr',NULL,NULL,'Client'),(29,'syurocjkins',NULL,NULL,'Client'),(30,'nsidont',NULL,NULL,'Client'),(31,'dkillgusu',NULL,NULL,'Client'),(32,'ravrahamv',NULL,NULL,'Client'),(33,'cfaillw',NULL,NULL,'Client'),(34,'llittlechildx',NULL,NULL,'Client'),(35,'asambecky',NULL,NULL,'Client'),(36,'vsaingz',NULL,NULL,'Client'),(37,'hcasterou10',NULL,NULL,'Client'),(38,'cmacaskill11',NULL,NULL,'Client'),(39,'cmonument12',NULL,NULL,'Client'),(40,'egrinaugh13',NULL,NULL,'Client'),(41,'ijaumet14',NULL,NULL,'Client'),(42,'gcashmore15',NULL,NULL,'Client'),(43,'vmusselwhite16',NULL,NULL,'Client'),(44,'dcherrie17',NULL,NULL,'Client'),(45,'dnekrews18',NULL,NULL,'Client'),(46,'mhagergham19',NULL,NULL,'Client'),(47,'kfinlaison1a',NULL,NULL,'Client'),(48,'atettley1b',NULL,NULL,'Client'),(49,'eprothero1c',NULL,NULL,'Client'),(50,'mmorison1d',NULL,NULL,'Client'),(51,'bmiddle1e',NULL,NULL,'Client'),(52,'cbosman1f',NULL,NULL,'Client'),(53,'agobert1g',NULL,NULL,'Client'),(54,'aelsmere1h',NULL,NULL,'Client'),(55,'rszymaniak1i',NULL,NULL,'Client'),(56,'vweyland1j',NULL,NULL,'Client'),(57,'nmcilharga1k',NULL,NULL,'Client'),(58,'kmoens1l',NULL,NULL,'Client'),(59,'sdumbar1m',NULL,NULL,'Client'),(60,'sgubbins1n',NULL,NULL,'Client'),(61,'mworral1o',NULL,NULL,'Client'),(62,'fhalton1p',NULL,NULL,'Client'),(63,'hjarlmann1q',NULL,NULL,'Client'),(64,'jwickwar1r',NULL,NULL,'Client'),(65,'bgellier1s',NULL,NULL,'Client'),(66,'fpeckitt1t',NULL,NULL,'Client'),(67,'skonrad1u',NULL,NULL,'Client'),(68,'jschmidt1v',NULL,NULL,'Client'),(69,'jbeetham1w',NULL,NULL,'Client'),(70,'gtatum1x',NULL,NULL,'Client'),(71,'mwhyler1y',NULL,NULL,'Client'),(72,'rgelder1z',NULL,NULL,'Client'),(73,'mpautard20',NULL,NULL,'Client'),(74,'jdaens21',NULL,NULL,'Client'),(75,'rmeeks22',NULL,NULL,'Client'),(76,'mboulden23',NULL,NULL,'Client'),(77,'hausello24',NULL,NULL,'Client'),(78,'agrason25',NULL,NULL,'Client'),(79,'brathborne26',NULL,NULL,'Client'),(80,'rtemby27',NULL,NULL,'Client'),(81,'alabdon28',NULL,NULL,'Client'),(82,'sirving29',NULL,NULL,'Client'),(83,'tgallyon2a',NULL,NULL,'Client'),(84,'lsothcott2b',NULL,NULL,'Client'),(85,'mgrahamslaw2c',NULL,NULL,'Client'),(86,'fmacbarron2d',NULL,NULL,'Client'),(87,'abootherstone2e',NULL,NULL,'Client'),(88,'mmarfell2f',NULL,NULL,'Client'),(89,'cfarney2g',NULL,NULL,'Client'),(90,'jeckley2h',NULL,NULL,'Client'),(91,'adehooge2i',NULL,NULL,'Client'),(92,'nsaffell2j',NULL,NULL,'Client'),(93,'smidgely2k',NULL,NULL,'Client'),(94,'dchestnut2l',NULL,NULL,'Client'),(95,'ahiscocks2m',NULL,NULL,'Client'),(96,'bbenoist2n',NULL,NULL,'Client'),(97,'lsommerland2o',NULL,NULL,'Client'),(98,'lpavyer2p',NULL,NULL,'Client'),(99,'rwormell2q',NULL,NULL,'Client'),(100,'dcattermoul2r',NULL,NULL,'Client'),(101,'ahedditch2s',NULL,NULL,'Client'),(102,'smandry2t',NULL,NULL,'Client'),(103,'gbakey2u',NULL,NULL,'Client'),(104,'nmacgaffey2v',NULL,NULL,'Client'),(105,'alyokhin2w',NULL,NULL,'Client'),(106,'vbyk2x',NULL,NULL,'Client'),(107,'vouslem2y',NULL,NULL,'Client'),(108,'kkeelan2z',NULL,NULL,'Client'),(109,'kbiddle30',NULL,NULL,'Client'),(110,'fbattle31',NULL,NULL,'Client'),(111,'mskechley32',NULL,NULL,'Client'),(112,'mdearsley33',NULL,NULL,'Client'),(113,'cwallice34',NULL,NULL,'Client'),(114,'llangthorn35',NULL,NULL,'Client'),(115,'pmaccafferty36',NULL,NULL,'Client'),(116,'mnoah37',NULL,NULL,'Client'),(117,'rhinksen38',NULL,NULL,'Client'),(118,'wwrout39',NULL,NULL,'Client'),(119,'sgrose3a',NULL,NULL,'Client'),(120,'cblowick3b',NULL,NULL,'Client'),(121,'mplunkett3c',NULL,NULL,'Client'),(122,'gverrico3d',NULL,NULL,'Client'),(123,'thearnden3e',NULL,NULL,'Client'),(124,'mcampany3f',NULL,NULL,'Client'),(125,'friccioppo3g',NULL,NULL,'Client'),(126,'dcurley3h',NULL,NULL,'Client'),(127,'mmohun3i',NULL,NULL,'Client'),(128,'wponde3j',NULL,NULL,'Client'),(129,'hainsbury3k',NULL,NULL,'Client'),(130,'spentlow3l',NULL,NULL,'Client'),(131,'gbanyard3m',NULL,NULL,'Client'),(132,'bhoys3n',NULL,NULL,'Client'),(133,'dwinear3o',NULL,NULL,'Client'),(134,'kwolfe3p',NULL,NULL,'Client'),(135,'cmorse3q',NULL,NULL,'Client'),(136,'tolynn3r',NULL,NULL,'Client'),(137,'fdominicacci3s',NULL,NULL,'Client'),(138,'lpiaggia3t',NULL,NULL,'Client'),(139,'gbrake3u',NULL,NULL,'Client'),(140,'flillo3v',NULL,NULL,'Client'),(141,'cbrisbane3w',NULL,NULL,'Client'),(142,'tjudge3x',NULL,NULL,'Client'),(143,'pdunsmore3y',NULL,NULL,'Client'),(144,'rkeeves3z',NULL,NULL,'Client'),(145,'zfowley40',NULL,NULL,'Client'),(146,'arothwell41',NULL,NULL,'Client'),(147,'gdabner42',NULL,NULL,'Client'),(148,'hbiagini43',NULL,NULL,'Client'),(149,'eespadas44',NULL,NULL,'Client'),(150,'fprince45',NULL,NULL,'Client'),(151,'thanks46',NULL,NULL,'Client'),(152,'gbaroux47',NULL,NULL,'Client'),(153,'nmoynihan48',NULL,NULL,'Client'),(154,'ehelis49',NULL,NULL,'Client'),(155,'bocrigane4a',NULL,NULL,'Client'),(156,'ekezourec4b',NULL,NULL,'Client'),(157,'smcrobert4c',NULL,NULL,'Client'),(158,'sbrunicke4d',NULL,NULL,'Client'),(159,'jlennox4e',NULL,NULL,'Client'),(160,'jpencost4f',NULL,NULL,'Client'),(161,'kbienvenu4g',NULL,NULL,'Client'),(162,'lsartin4h',NULL,NULL,'Client'),(163,'nsawford4i',NULL,NULL,'Client'),(164,'gyurshev4j',NULL,NULL,'Client'),(165,'sbrownbill4k',NULL,NULL,'Client'),(166,'kstreader4l',NULL,NULL,'Client'),(167,'pkearley4m',NULL,NULL,'Client'),(168,'lklimas4n',NULL,NULL,'Client'),(169,'gockendon4o',NULL,NULL,'Client'),(170,'cmorrice4p',NULL,NULL,'Client'),(171,'champe4q',NULL,NULL,'Client'),(172,'jcayzer4r',NULL,NULL,'Client'),(173,'ofarress4s',NULL,NULL,'Client'),(174,'gweall4t',NULL,NULL,'Client'),(175,'pclingoe4u',NULL,NULL,'Client'),(176,'spitt4v',NULL,NULL,'Client'),(177,'dconnelly4w',NULL,NULL,'Client'),(178,'cpetracco4x',NULL,NULL,'Client'),(179,'mblincow4y',NULL,NULL,'Client'),(180,'hpoyntz4z',NULL,NULL,'Client'),(181,'wberry50',NULL,NULL,'Client'),(182,'mmartinovic51',NULL,NULL,'Client'),(183,'npaolotto52',NULL,NULL,'Client'),(184,'ldeguerre53',NULL,NULL,'Client'),(185,'norgen54',NULL,NULL,'Client'),(186,'cmcallester55',NULL,NULL,'Client'),(187,'adisman56',NULL,NULL,'Client'),(188,'aclemes57',NULL,NULL,'Client'),(189,'mwoollam58',NULL,NULL,'Client'),(190,'cscoble59',NULL,NULL,'Client'),(191,'cantonutti5a',NULL,NULL,'Client'),(192,'tmurfin5b',NULL,NULL,'Client'),(193,'kanstie5c',NULL,NULL,'Client'),(194,'khayhoe5d',NULL,NULL,'Client'),(195,'ssnelle5e',NULL,NULL,'Client'),(196,'ndowngate5f',NULL,NULL,'Client'),(197,'chedlestone5g',NULL,NULL,'Client'),(198,'jallison5h',NULL,NULL,'Client'),(199,'cgodfray5i',NULL,NULL,'Client'),(200,'echaucer5j',NULL,NULL,'Client'),(201,'plevesque5k',NULL,NULL,'Client'),(202,'oseiler5l',NULL,NULL,'Client'),(203,'mcrace5m',NULL,NULL,'Client'),(204,'jgerretsen5n',NULL,NULL,'Client'),(205,'eboules5o',NULL,NULL,'Client'),(206,'yolliar5p',NULL,NULL,'Client'),(207,'dclelle5q',NULL,NULL,'Client'),(208,'mmaus5r',NULL,NULL,'Client'),(209,'vakast5s',NULL,NULL,'Client'),(210,'lburfield5t',NULL,NULL,'Client'),(211,'bpfaffel5u',NULL,NULL,'Client'),(212,'mspatig5v',NULL,NULL,'Client'),(213,'astood5w',NULL,NULL,'Client'),(214,'pdondon5x',NULL,NULL,'Client'),(215,'ajoly5y',NULL,NULL,'Client'),(216,'bjulian5z',NULL,NULL,'Client'),(217,'llegan60',NULL,NULL,'Client'),(218,'acorinton61',NULL,NULL,'Client'),(219,'mduncan62',NULL,NULL,'Client'),(220,'msiemons63',NULL,NULL,'Client'),(221,'dleblanc64',NULL,NULL,'Client'),(222,'mminshull65',NULL,NULL,'Client'),(223,'jfrith66',NULL,NULL,'Client'),(224,'pdaout67',NULL,NULL,'Client'),(225,'cluc68',NULL,NULL,'Client'),(226,'afitzer69',NULL,NULL,'Client'),(227,'zcorck6a',NULL,NULL,'Client'),(228,'mcremen6b',NULL,NULL,'Client'),(229,'ovenmore6c',NULL,NULL,'Client'),(230,'tbloxland6d',NULL,NULL,'Client'),(231,'kbernardet6e',NULL,NULL,'Client'),(232,'jgilstoun6f',NULL,NULL,'Client'),(233,'gmougel6g',NULL,NULL,'Client'),(234,'thogbourne6h',NULL,NULL,'Client'),(235,'kwinters6i',NULL,NULL,'Client'),(236,'agrcic6j',NULL,NULL,'Client'),(237,'flutwyche6k',NULL,NULL,'Client'),(238,'ebus6l',NULL,NULL,'Client'),(239,'acaff6m',NULL,NULL,'Client'),(240,'gtreske6n',NULL,NULL,'Client'),(241,'cyakunkin6o',NULL,NULL,'Client'),(242,'gsandes6p',NULL,NULL,'Client'),(243,'igolds6q',NULL,NULL,'Client'),(244,'tstruis6r',NULL,NULL,'Client'),(245,'mjellyman6s',NULL,NULL,'Client'),(246,'ecrallan6t',NULL,NULL,'Client'),(247,'mklewer6u',NULL,NULL,'Client'),(248,'jtwidell6v',NULL,NULL,'Client'),(249,'gtoping6w',NULL,NULL,'Client'),(250,'sriseam6x',NULL,NULL,'Client'),(251,'tsieve6y',NULL,NULL,'Client'),(252,'ebusch6z',NULL,NULL,'Client'),(253,'slaise70',NULL,NULL,'Client'),(254,'iollcott71',NULL,NULL,'Client'),(255,'kcogger72',NULL,NULL,'Client'),(256,'hfield73',NULL,NULL,'Client'),(257,'jbeckensall74',NULL,NULL,'Client'),(258,'bwallis75',NULL,NULL,'Client'),(259,'dcolkett76',NULL,NULL,'Client'),(260,'hchallice77',NULL,NULL,'Client'),(261,'mgildea78',NULL,NULL,'Client'),(262,'lnurny79',NULL,NULL,'Client'),(263,'hmundell7a',NULL,NULL,'Client'),(264,'stabourel7b',NULL,NULL,'Client'),(265,'tviollet7c',NULL,NULL,'Client'),(266,'djorio7d',NULL,NULL,'Client'),(267,'vramage7e',NULL,NULL,'Client'),(268,'rcokayne7f',NULL,NULL,'Client'),(269,'mglisenan7g',NULL,NULL,'Client'),(270,'cjaskiewicz7h',NULL,NULL,'Client'),(271,'fonions7i',NULL,NULL,'Client'),(272,'llynde7j',NULL,NULL,'Client'),(273,'ibutte7k',NULL,NULL,'Client'),(274,'cpatrone7l',NULL,NULL,'Client'),(275,'ldyball7m',NULL,NULL,'Client'),(276,'balenov7n',NULL,NULL,'Client'),(277,'sfilshin7o',NULL,NULL,'Client'),(278,'fabdey7p',NULL,NULL,'Client'),(279,'gschieferstein7q',NULL,NULL,'Client'),(280,'fgoford7r',NULL,NULL,'Client'),(281,'cleguey7s',NULL,NULL,'Client'),(282,'qgallihaulk7t',NULL,NULL,'Client'),(283,'cedgeworth7u',NULL,NULL,'Client'),(284,'adeards7v',NULL,NULL,'Client'),(285,'mbrushfield7w',NULL,NULL,'Client'),(286,'graund7x',NULL,NULL,'Client'),(287,'nchinnock7y',NULL,NULL,'Client'),(288,'rponde7z',NULL,NULL,'Client'),(289,'gcorcoran80',NULL,NULL,'Client'),(290,'lreddy81',NULL,NULL,'Client'),(291,'mconen82',NULL,NULL,'Client'),(292,'fkermath83',NULL,NULL,'Client'),(293,'tianinotti84',NULL,NULL,'Client'),(294,'mkalinowsky85',NULL,NULL,'Client'),(295,'sdeschelle86',NULL,NULL,'Client'),(296,'mgrahame87',NULL,NULL,'Client'),(297,'bscholler88',NULL,NULL,'Client'),(298,'dferraraccio89',NULL,NULL,'Client'),(299,'jartois8a',NULL,NULL,'Client'),(300,'cleithharvey8b',NULL,NULL,'Client'),(301,'aklossmann8c',NULL,NULL,'Client'),(302,'vleinster8d',NULL,NULL,'Client'),(303,'sgronow8e',NULL,NULL,'Client'),(304,'qisham8f',NULL,NULL,'Client'),(305,'arisdall8g',NULL,NULL,'Client'),(306,'gleonardi8h',NULL,NULL,'Client'),(307,'apaulitschke8i',NULL,NULL,'Client'),(308,'wkittless8j',NULL,NULL,'Client'),(309,'asynnott8k',NULL,NULL,'Client'),(310,'njonathon8l',NULL,NULL,'Client'),(311,'falpe8m',NULL,NULL,'Client'),(312,'amarriner8n',NULL,NULL,'Client'),(313,'emckinley8o',NULL,NULL,'Client'),(314,'switts8p',NULL,NULL,'Client'),(315,'dluc8q',NULL,NULL,'Client'),(316,'edreini8r',NULL,NULL,'Client'),(317,'rgiff8s',NULL,NULL,'Client'),(318,'cvarndell8t',NULL,NULL,'Client'),(319,'clambrecht8u',NULL,NULL,'Client'),(320,'hcarbery8v',NULL,NULL,'Client'),(321,'ggodfroy8w',NULL,NULL,'Client'),(322,'cbussey8x',NULL,NULL,'Client'),(323,'mstigger8y',NULL,NULL,'Client'),(324,'cdaskiewicz8z',NULL,NULL,'Client'),(325,'ebourget90',NULL,NULL,'Client'),(326,'rsaltrese91',NULL,NULL,'Client'),(327,'rdrakes92',NULL,NULL,'Client'),(328,'jjakubovicz93',NULL,NULL,'Client'),(329,'clagen94',NULL,NULL,'Client'),(330,'froffe95',NULL,NULL,'Client'),(331,'cwhitwam96',NULL,NULL,'Client'),(332,'ecoggill97',NULL,NULL,'Client'),(333,'dgoaks98',NULL,NULL,'Client'),(334,'cbilson99',NULL,NULL,'Client'),(335,'esanger9a',NULL,NULL,'Client'),(336,'agirth9b',NULL,NULL,'Client'),(337,'jhunnywell9c',NULL,NULL,'Client'),(338,'gflasby9d',NULL,NULL,'Client'),(339,'ncammidge9e',NULL,NULL,'Client'),(340,'byeoland9f',NULL,NULL,'Client'),(341,'bheymes9g',NULL,NULL,'Client'),(342,'arubinov9h',NULL,NULL,'Client'),(343,'rrickcord9i',NULL,NULL,'Client'),(344,'jkinane9j',NULL,NULL,'Client'),(345,'hboni9k',NULL,NULL,'Client'),(346,'ccorke9l',NULL,NULL,'Client'),(347,'apiggen9m',NULL,NULL,'Client'),(348,'sjamot9n',NULL,NULL,'Client'),(349,'cliddon9o',NULL,NULL,'Client'),(350,'rweedon9p',NULL,NULL,'Client'),(351,'amaasze9q',NULL,NULL,'Client'),(352,'slomasna9r',NULL,NULL,'Client'),(353,'ecaccavale9s',NULL,NULL,'Client'),(354,'jbawme9t',NULL,NULL,'Client'),(355,'wniblett9u',NULL,NULL,'Client'),(356,'ngoodchild9v',NULL,NULL,'Client'),(357,'rgothliff9w',NULL,NULL,'Client'),(358,'mnoller9x',NULL,NULL,'Client'),(359,'lbousfield9y',NULL,NULL,'Client'),(360,'obento9z',NULL,NULL,'Client'),(361,'pmckibbina0',NULL,NULL,'Client'),(362,'vspencooka1',NULL,NULL,'Client'),(363,'pboyata2',NULL,NULL,'Client'),(364,'cklementza3',NULL,NULL,'Client'),(365,'modonegana4',NULL,NULL,'Client'),(366,'tbrightlinga5',NULL,NULL,'Client'),(367,'eblacklera6',NULL,NULL,'Client'),(368,'swakemana7',NULL,NULL,'Client'),(369,'mjammesa8',NULL,NULL,'Client'),(370,'ppackmana9',NULL,NULL,'Client'),(371,'lpeticanaa',NULL,NULL,'Client'),(372,'ylaredab',NULL,NULL,'Client'),(373,'dpaeckmeyerac',NULL,NULL,'Client'),(374,'rfaucherandad',NULL,NULL,'Client'),(375,'bpagramae',NULL,NULL,'Client'),(376,'rodochertyaf',NULL,NULL,'Client'),(377,'vmachelag',NULL,NULL,'Client'),(378,'mpaitonah',NULL,NULL,'Client'),(379,'jsquelchai',NULL,NULL,'Client'),(380,'wkelleyaj',NULL,NULL,'Client'),(381,'gmebsak',NULL,NULL,'Client'),(382,'rjamsonal',NULL,NULL,'Client'),(383,'dstuchberryam',NULL,NULL,'Client'),(384,'rpeetermannan',NULL,NULL,'Client'),(385,'fmummao',NULL,NULL,'Client'),(386,'gkoppelap',NULL,NULL,'Client'),(387,'tmouldenaq',NULL,NULL,'Client'),(388,'gdotar',NULL,NULL,'Client'),(389,'vketchellas',NULL,NULL,'Client'),(390,'fhaestierat',NULL,NULL,'Client'),(391,'mreefau',NULL,NULL,'Client'),(392,'lcraythorneav',NULL,NULL,'Client'),(393,'rcritchaw',NULL,NULL,'Client'),(394,'abramerax',NULL,NULL,'Client'),(395,'cmclugaishay',NULL,NULL,'Client'),(396,'crankenaz',NULL,NULL,'Client'),(397,'fkonnekeb0',NULL,NULL,'Client'),(398,'lmohammedb1',NULL,NULL,'Client'),(399,'mcaddyb2',NULL,NULL,'Client'),(400,'sayrtonb3',NULL,NULL,'Client'),(401,'jmcgloinb4',NULL,NULL,'Client'),(402,'omorkhamb5',NULL,NULL,'Client'),(403,'rrelfeb6',NULL,NULL,'Client'),(404,'bjozefb7',NULL,NULL,'Client'),(405,'lduranb8',NULL,NULL,'Client'),(406,'fdoltonb9',NULL,NULL,'Client'),(407,'drickerbyba',NULL,NULL,'Client'),(408,'hvarvellbb',NULL,NULL,'Client'),(409,'cvarfolomeevbc',NULL,NULL,'Client'),(410,'rronaghanbd',NULL,NULL,'Client'),(411,'mpetrybe',NULL,NULL,'Client'),(412,'tmummerybf',NULL,NULL,'Client'),(413,'volinbg',NULL,NULL,'Client'),(414,'fmitrovicbh',NULL,NULL,'Client'),(415,'rgippsbi',NULL,NULL,'Client'),(416,'adaddbj',NULL,NULL,'Client'),(417,'ewehnerbk',NULL,NULL,'Client'),(418,'bakettbl',NULL,NULL,'Client'),(419,'jlambethbm',NULL,NULL,'Client'),(420,'lroscoebn',NULL,NULL,'Client'),(421,'acoalebo',NULL,NULL,'Client'),(422,'aongbp',NULL,NULL,'Client'),(423,'smeccobq',NULL,NULL,'Client'),(424,'zkolodziejskibr',NULL,NULL,'Client'),(425,'bcoatsworthbs',NULL,NULL,'Client'),(426,'teverexbt',NULL,NULL,'Client'),(427,'lgresbu',NULL,NULL,'Client'),(428,'nhagstonbv',NULL,NULL,'Client'),(429,'afabribw',NULL,NULL,'Client'),(430,'mclissellbx',NULL,NULL,'Client'),(431,'nmourtonby',NULL,NULL,'Client'),(432,'castupenasbz',NULL,NULL,'Client'),(433,'cblankauc0',NULL,NULL,'Client'),(434,'gfaulknerc1',NULL,NULL,'Client'),(435,'edurandc2',NULL,NULL,'Client'),(436,'bslydec3',NULL,NULL,'Client'),(437,'dcribbinc4',NULL,NULL,'Client'),(438,'praimentc5',NULL,NULL,'Client'),(439,'ntrimnellc6',NULL,NULL,'Client'),(440,'bstollenbeckerc7',NULL,NULL,'Client'),(441,'eberntssonc8',NULL,NULL,'Client'),(442,'aspeakmanc9',NULL,NULL,'Client'),(443,'klustedca',NULL,NULL,'Client'),(444,'dmacmenamiecb',NULL,NULL,'Client'),(445,'dmcareecc',NULL,NULL,'Client'),(446,'fnovakoviccd',NULL,NULL,'Client'),(447,'fnowillce',NULL,NULL,'Client'),(448,'tjellemancf',NULL,NULL,'Client'),(449,'goleycg',NULL,NULL,'Client'),(450,'bmeasch',NULL,NULL,'Client'),(451,'ahollidgeci',NULL,NULL,'Client'),(452,'mubsdalecj',NULL,NULL,'Client'),(453,'dmoukesck',NULL,NULL,'Client'),(454,'jbeazecl',NULL,NULL,'Client'),(455,'kpiochcm',NULL,NULL,'Client'),(456,'cvynollcn',NULL,NULL,'Client'),(457,'klidyardco',NULL,NULL,'Client'),(458,'mlangmeadcp',NULL,NULL,'Client'),(459,'spaviercq',NULL,NULL,'Client'),(460,'gsewillcr',NULL,NULL,'Client'),(461,'lghidottics',NULL,NULL,'Client'),(462,'mpickburnct',NULL,NULL,'Client'),(463,'imilkincu',NULL,NULL,'Client'),(464,'zspeedingcv',NULL,NULL,'Client'),(465,'aebbenscw',NULL,NULL,'Client'),(466,'slukasencx',NULL,NULL,'Client'),(467,'tbramcy',NULL,NULL,'Client'),(468,'abowlecz',NULL,NULL,'Client'),(469,'sbeharrelld0',NULL,NULL,'Client'),(470,'ppriddingd1',NULL,NULL,'Client'),(471,'afairburned2',NULL,NULL,'Client'),(472,'mreignardd3',NULL,NULL,'Client'),(473,'cwoodhoused4',NULL,NULL,'Client'),(474,'kdommersend5',NULL,NULL,'Client'),(475,'egrzesiewiczd6',NULL,NULL,'Client'),(476,'rroddied7',NULL,NULL,'Client'),(477,'atilburyd8',NULL,NULL,'Client'),(478,'hrodrigd9',NULL,NULL,'Client'),(479,'yhairda',NULL,NULL,'Client'),(480,'tmcdyerdb',NULL,NULL,'Client'),(481,'vroadsdc',NULL,NULL,'Client'),(482,'ecavilldd',NULL,NULL,'Client'),(483,'abilbrookde',NULL,NULL,'Client'),(484,'hliddondf',NULL,NULL,'Client'),(485,'llusherdg',NULL,NULL,'Client'),(486,'elilloedh',NULL,NULL,'Client'),(487,'jsennettdi',NULL,NULL,'Client'),(488,'zson0',NULL,NULL,'Seller'),(489,'eolenane1',NULL,NULL,'Seller'),(490,'cbourtoumieux2',NULL,NULL,'Seller'),(491,'bmorrice3',NULL,NULL,'Seller'),(492,'mmaasz4',NULL,NULL,'Seller'),(493,'mlarking5',NULL,NULL,'Seller'),(494,'rayscough6',NULL,NULL,'Seller'),(495,'sknifton7',NULL,NULL,'Seller'),(496,'tnunan8','[B@7ce7df7e','9750809D951F3F5E6EDB4648D9755EE2','Seller'),(497,'dwatkiss9','[B@21bd3dc7','8AC6DAADA1DDB2F89E0E442B887843A6','Seller'),(498,'agrief0','[B@6db9258e','D974728544E6DAF0C0A8C47A4CF48033','Admin'),(499,'hpockey1','[B@13555fbb','563F45AB02A97642257CEB79293C624A','Admin'),(500,'tclineck2',NULL,NULL,'Admin'),(501,'sampleUSRNAME',NULL,NULL,'Seller'),(502,'wqeweqewqweq',NULL,NULL,'Client'),(503,'testy','[B@14defaf7','A1A6EB1D720CC1146C7BD635B122A2EC','Client'),(504,'test3','[B@29f0bbb7','0C2767A57F6095CAD78D72F288399286','Client'),(505,'wqeweqewqads','[B@13f6f458','D5737ECE4EEE02B5F4DF9D9AFE6DCBA3','Seller'),(506,'ewqsdaewqdasewq','[B@196f949d','8613B0E176363D4FAED09C46D44087BC','Seller'),(507,'das321adseq23das321','[B@26e48b7a','DDF2D2B5715A1E961AB5AC55E8B6856F','Seller'),(508,'weq','[B@6fff7131','565F494DC002F531826E84182CEE1C7E','Client'),(509,'weqdas','[B@7664902d','6F1EBA208C28657F1466E02B68C986B1','Client'),(510,'daseqwdas','[B@7b6605a9','C84C7C83BB8E33B646101A41789E4347','Client'),(511,'daswqedas','[B@5a8c7afa','8799A02FEEA5943E2934FD6D7F9BAC6A','Client'),(512,'ewqqew','[B@35cc0f83','309DF381BFC4B63B4709C6E56CAE5345','Client'),(513,'dasqwedsaewq','[B@5a8c7afa','B8BBFAE60EAEA09B3B9EEA618DC94B6B','Client'),(515,'daseqwads','[B@7b6605a9','727077EADFB8D732966D3801809C6CA1','Seller'),(516,'weqdasewqdas','[B@8e261fb','3622CBA518F601DEF4B15F2E2DF136B1','Seller'),(517,'sdasdaqwe','[B@29f0bbb7','2B5FAD5807BEA32052924D3E9968276A','Client'),(518,'qwewqeweq','[B@4ad1e6f','33F7F47E181134013E84D8ABD991AA55','Seller'),(519,'wqeweqweqewq','[B@3ebd927a','3C68EF3C9E5B2E25C5CEE4687DB0E8A8','Seller'),(520,'weqsdawqedas','[B@54938c8d','EF761A3005F9DE70B22D09401A5F8C40','Client'),(521,'asdeqwdsaewq','[B@54a5bb3a','046556EB359BE8FCB8C22FB505A6906A','Seller');
/*!40000 ALTER TABLE `users` ENABLE KEYS */;
UNLOCK TABLES;
/*!40103 SET TIME_ZONE=@OLD_TIME_ZONE */;

/*!40101 SET SQL_MODE=@OLD_SQL_MODE */;
/*!40014 SET FOREIGN_KEY_CHECKS=@OLD_FOREIGN_KEY_CHECKS */;
/*!40014 SET UNIQUE_CHECKS=@OLD_UNIQUE_CHECKS */;
/*!40101 SET CHARACTER_SET_CLIENT=@OLD_CHARACTER_SET_CLIENT */;
/*!40101 SET CHARACTER_SET_RESULTS=@OLD_CHARACTER_SET_RESULTS */;
/*!40101 SET COLLATION_CONNECTION=@OLD_COLLATION_CONNECTION */;
/*!40111 SET SQL_NOTES=@OLD_SQL_NOTES */;

-- Dump completed on 2020-07-07 20:05:37
